area_code,year,enrolled_students,graduates,completion_rate
IT,2015,2689267,451959.0,16.806029300921033
IT,2016,2685951,462742.0,17.228236851677487
IT,2017,2684695,464577.0,17.304647269056634
IT,2018,2687748,474664.0,17.6602866042501
IT,2019,2690676,486696.0,18.088242508574055
IT,2020,2684841,497856.0,18.543220995209772
IT,2021,2730359,508474.0,18.622972290457042
IT,2022,2727637,506612.0,18.573292560556993
IT,2023,2714886,504482.0,18.582069376025366
IT,2024,2709690,494049.0,18.232676062575422
IT108,2020,34288,6196.0,18.070461969202054
IT108,2021,35051,6659.0,18.998031439901858
IT108,2022,35167,6437.0,18.30409190434214
IT108,2023,34955,6261.0,17.911600629380633
IT108,2024,34935,6301.0,18.036353227422357
IT109,2020,6985,1444.0,20.672870436649966
IT109,2021,7152,1423.0,19.896532438478747
IT109,2022,7165,1384.0,19.31612002791347
IT109,2023,7133,1371.0,19.220524323566522
IT109,2024,7110,1340.0,18.846694796061886
IT110,2020,19370,3335.0,17.217346411977285
IT110,2021,19416,3449.0,17.76370004120313
IT110,2022,18968,3345.0,17.634964150147617
IT110,2023,18548,3345.0,18.03428941125728
IT110,2024,18140,3154.0,17.386990077177508
IT111,2020,10711,1856.0,17.32798058071142
IT111,2021,10619,1870.0,17.609944439212732
IT111,2022,10426,1730.0,16.593132553232305
IT111,2023,10121,1672.0,16.52010670882324
IT111,2024,10143,1597.0,15.744848664103323
ITC,2015,623642,100904.0,16.179795459574564
ITC,2016,628286,105079.0,16.724708174302787
ITC,2017,633006,106251.0,16.78514895593407
ITC,2018,637518,108198.0,16.971756091592706
ITC,2019,640096,111673.0,17.446289306604008
ITC,2020,642078,113928.0,17.743638623344825
ITC,2021,655851,115450.0,17.603083627226308
ITC,2022,655630,114985.0,17.5380931317969
ITC,2023,655733,113087.0,17.245891239269643
ITC,2024,660788,114382.0,17.309939042476557
ITC1,2015,170584,28161.0,16.508582282042862
ITC1,2016,171946,29262.0,17.018133600083747
ITC1,2017,173021,29157.0,16.851711641939417
ITC1,2018,174002,29535.0,16.973942828243356
ITC1,2019,174388,30950.0,17.747780810606233
ITC1,2020,174307,31026.0,17.79962938952538
ITC1,2021,177897,31455.0,17.68157979055296
ITC1,2022,178334,31590.0,17.713952471205715
ITC1,2023,177954,30841.0,17.330883261966576
ITC1,2024,178889,31148.0,17.411914650984688
ITC11,2015,89431,14613.0,16.33997159821538
ITC11,2016,90376,15516.0,17.16827476321147
ITC11,2017,90980,15425.0,16.954275664981314
ITC11,2018,91576,15525.0,16.953131824932296
ITC11,2019,92099,16333.0,17.73417735263141
ITC11,2020,92423,16524.0,17.8786665656817
ITC11,2021,94281,16769.0,17.786192339920028
ITC11,2022,94765,16935.0,17.870521817126576
ITC11,2023,94472,16534.0,17.501481920569056
ITC11,2024,94978,16876.0,17.768325296384425
ITC12,2015,7719,1261.0,16.33631299391113
ITC12,2016,7586,1261.0,16.622726074347483
ITC12,2017,7421,1243.0,16.7497641827247
ITC12,2018,7263,1274.0,17.54096103538483
ITC12,2019,7188,1304.0,18.14134668892599
ITC12,2020,7097,1261.0,17.76807101592222
ITC12,2021,7082,1335.0,18.850607173114938
ITC12,2022,6877,1224.0,17.798458630216665
ITC12,2023,6876,1165.0,16.942990110529376
ITC12,2024,7010,1171.0,16.704707560627675
ITC13,2015,6804,1017.0,14.947089947089948
ITC13,2016,6845,1177.0,17.195032870708545
ITC13,2017,6831,1049.0,15.35646318255014
ITC13,2018,6929,1207.0,17.419541059315918
ITC13,2019,6788,1296.0,19.092516205067767
ITC13,2020,6593,1154.0,17.503412710450476
ITC13,2021,6662,1176.0,17.652356649654756
ITC13,2022,6560,1171.0,17.850609756097562
ITC13,2023,6381,1053.0,16.502115655853313
ITC13,2024,6318,1061.0,16.793289015511238
ITC14,2015,7018,1129.0,16.08720433171844
ITC14,2016,7114,1120.0,15.74360416080967
ITC14,2017,7148,1228.0,17.179630665920538
ITC14,2018,7132,1166.0,16.348850252383624
ITC14,2019,7257,1259.0,17.348766708006064
ITC14,2020,7155,1210.0,16.911250873515023
ITC14,2021,7315,1253.0,17.129186602870814
ITC14,2022,7195,1210.0,16.81723419041001
ITC14,2023,7116,1224.0,17.200674536256326
ITC14,2024,7207,1170.0,16.234216733731095
ITC15,2015,13483,2285.0,16.94726692872506
ITC15,2016,13580,2266.0,16.686303387334313
ITC15,2017,13890,2297.0,16.537077033837296
ITC15,2018,14112,2244.0,15.901360544217688
ITC15,2019,14195,2431.0,17.12574850299401
ITC15,2020,14271,2413.0,16.908415668138183
ITC15,2021,14795,2360.0,15.951334910442716
ITC15,2022,15021,2423.0,16.13075028293722
ITC15,2023,15063,2351.0,15.60778065458408
ITC15,2024,15146,2411.0,15.918394295523571
ITC16,2015,24529,4267.0,17.39573565983122
ITC16,2016,24889,4225.0,16.97537064566676
ITC16,2017,24976,4348.0,17.408712363869313
ITC16,2018,24858,4392.0,17.668356263577117
ITC16,2019,24592,4510.0,18.339297332465843
ITC16,2020,24387,4461.0,18.292532906876616
ITC16,2021,24730,4488.0,18.147998382531338
ITC16,2022,24868,4528.0,18.20813897378157
ITC16,2023,24902,4520.0,18.151152517870052
ITC16,2024,25049,4462.0,17.813086350752524
ITC17,2015,7218,1120.0,15.516763646439458
ITC17,2016,7190,1108.0,15.41029207232267
ITC17,2017,7284,1190.0,16.33717737506864
ITC17,2018,7279,1229.0,16.884187388377526
ITC17,2019,7149,1200.0,16.785564414603442
ITC17,2020,7252,1265.0,17.4434638720353
ITC17,2021,7409,1254.0,16.925361047374814
ITC17,2022,7464,1300.0,17.416934619506964
ITC17,2023,7455,1235.0,16.566063044936286
ITC17,2024,7491,1251.0,16.70004004805767
ITC18,2015,14382,2469.0,17.16729244889445
ITC18,2016,14366,2589.0,18.021717945148268
ITC18,2017,14491,2377.0,16.403284797460493
ITC18,2018,14853,2498.0,16.818151215242715
ITC18,2019,15120,2617.0,17.30820105820106
ITC18,2020,15129,2738.0,18.09769317205367
ITC18,2021,15623,2820.0,18.050310439736286
ITC18,2022,15584,2799.0,17.960728952772072
ITC18,2023,15689,2759.0,17.585569507298107
ITC18,2024,15690,2746.0,17.501593371574252
ITC2,2015,5472,764.0,13.961988304093568
ITC2,2016,5527,782.0,14.148724443640312
ITC2,2017,5494,821.0,14.943574808882417
ITC2,2018,5594,890.0,15.90990346800143
ITC2,2019,5528,915.0,16.552098408104197
ITC2,2020,5440,878.0,16.139705882352942
ITC2,2021,5566,869.0,15.612648221343871
ITC2,2022,5502,829.0,15.067248273355144
ITC2,2023,5894,873.0,14.81167288768239
ITC2,2024,5735,831.0,14.489973844812553
ITC3,2015,61057,9741.0,15.95394467464828
ITC3,2016,61097,9968.0,16.315040018331505
ITC3,2017,61285,10023.0,16.354736069184955
ITC3,2018,61284,10077.0,16.443117289994124
ITC3,2019,61394,10242.0,16.682411962080984
ITC3,2020,61330,10793.0,17.59823903473015
ITC3,2021,62401,10815.0,17.331453021586192
ITC3,2022,61653,10359.0,16.802102087489658
ITC3,2023,61693,10302.0,16.69881510057867
ITC3,2024,62057,10423.0,16.795848977552897
ITC31,2015,8249,1270.0,15.395805552188143
ITC31,2016,8185,1322.0,16.15149664019548
ITC31,2017,8085,1327.0,16.413110698824983
ITC31,2018,8006,1335.0,16.674993754683985
ITC31,2019,7885,1295.0,16.423589093214964
ITC31,2020,7944,1342.0,16.8932527693857
ITC31,2021,8133,1335.0,16.414607156030986
ITC31,2022,8138,1338.0,16.44138608994839
ITC31,2023,8095,1309.0,16.170475602223593
ITC31,2024,8103,1353.0,16.697519437245465
ITC32,2015,10781,1661.0,15.406734069195807
ITC32,2016,10858,1744.0,16.061889850801254
ITC32,2017,10973,1783.0,16.248974756219813
ITC32,2018,11068,1727.0,15.603541741958802
ITC32,2019,11166,1834.0,16.424861185742433
ITC32,2020,11186,1871.0,16.726264974074738
ITC32,2021,11459,1942.0,16.94737760712104
ITC32,2022,11355,1881.0,16.56538969616909
ITC32,2023,11292,1891.0,16.746369110874955
ITC32,2024,11330,1919.0,16.93733451015004
ITC33,2015,33297,5335.0,16.022464486290055
ITC33,2016,33343,5440.0,16.315268572114086
ITC33,2017,33632,5463.0,16.24345861084681
ITC33,2018,33582,5545.0,16.511821809302603
ITC33,2019,33741,5606.0,16.614800983966095
ITC33,2020,33708,6038.0,17.912661682686604
ITC33,2021,34093,5961.0,17.484527615639575
ITC33,2022,33538,5612.0,16.73325779712565
ITC33,2023,33599,5597.0,16.658233876008214
ITC33,2024,33875,5649.0,16.676014760147602
ITC34,2015,8730,1475.0,16.895761741122566
ITC34,2016,8711,1462.0,16.783377338996672
ITC34,2017,8595,1450.0,16.870273414776033
ITC34,2018,8628,1470.0,17.037552155771905
ITC34,2019,8602,1507.0,17.51918158567775
ITC34,2020,8492,1542.0,18.158266603862458
ITC34,2021,8716,1577.0,18.093162000917854
ITC34,2022,8622,1528.0,17.72210623985154
ITC34,2023,8707,1505.0,17.28494314919031
ITC34,2024,8749,1502.0,17.167676305863527
ITC4,2015,386529,62238.0,16.101767267139074
ITC4,2016,389716,65067.0,16.696004269775937
ITC4,2017,393206,66250.0,16.84867474046683
ITC4,2018,396638,67696.0,17.067451933501076
ITC4,2019,398786,69566.0,17.444443887197643
ITC4,2020,401001,71231.0,17.763297348385663
ITC4,2021,409987,72311.0,17.637388502562278
ITC4,2022,410141,72207.0,17.605408871583187
ITC4,2023,410192,71071.0,17.326276475406637
ITC4,2024,414107,71980.0,17.38198098559068
ITC41,2015,40002,6431.0,16.07669616519174
ITC41,2016,40564,6874.0,16.946060546297208
ITC41,2017,40757,7004.0,17.184778074931913
ITC41,2018,40830,7059.0,17.288758265980896
ITC41,2019,41309,7198.0,17.424774262267302
ITC41,2020,41343,7454.0,18.029654355029873
ITC41,2021,42066,7312.0,17.382208909808398
ITC41,2022,42227,7201.0,17.053070310464868
ITC41,2023,42546,7498.0,17.623278334038453
ITC41,2024,42707,7315.0,17.128339616456316
ITC42,2015,20318,3357.0,16.52229550152574
ITC42,2016,20400,3596.0,17.627450980392155
ITC42,2017,19964,3555.0,17.807052694850732
ITC42,2018,20156,3618.0,17.949990077396308
ITC42,2019,20045,3563.0,17.77500623596907
ITC42,2020,20024,3599.0,17.97343188174191
ITC42,2021,20544,3588.0,17.464953271028037
ITC42,2022,20387,3670.0,18.001667729435425
ITC42,2023,20244,3458.0,17.081604426002766
ITC42,2024,20454,3620.0,17.69824973110394
ITC43,2015,14394,2127.0,14.776990412671948
ITC43,2016,14402,2320.0,16.108873767532288
ITC43,2017,14452,2165.0,14.980625518959314
ITC43,2018,14467,2436.0,16.838321697656735
ITC43,2019,14254,2445.0,17.153079837238668
ITC43,2020,14293,2536.0,17.74295109494158
ITC43,2021,14530,2534.0,17.439779766001376
ITC43,2022,14338,2410.0,16.808480959687543
ITC43,2023,14301,2363.0,16.523320047549124
ITC43,2024,14474,2484.0,17.1618073787481
ITC44,2015,7858,1310.0,16.670908628149654
ITC44,2016,7794,1304.0,16.730818578393635
ITC44,2017,7853,1367.0,17.40736024449255
ITC44,2018,7752,1371.0,17.685758513931887
ITC44,2019,7711,1324.0,17.170276228764102
ITC44,2020,7551,1329.0,17.60031783869686
ITC44,2021,7698,1363.0,17.705897635749544
ITC44,2022,7622,1407.0,18.45972185778011
ITC44,2023,7676,1358.0,17.691505992704535
ITC44,2024,7637,1281.0,16.773602199816683
ITC45,2015,116420,24277.0,20.852946229170247
ITC45,2016,117714,25192.0,21.40102281801655
ITC45,2017,119546,25819.0,21.597544041624143
ITC45,2018,122044,26445.0,21.668414670118974
ITC45,2019,123480,27495.0,22.2667638483965
ITC45,2020,125360,22161.0,17.677887683471603
ITC45,2021,128796,22553.0,17.510636976303612
ITC45,2022,129323,23032.0,17.809670360260743
ITC45,2023,129063,22818.0,17.679737802468562
ITC45,2024,130071,22978.0,17.66573640550161
ITC46,2015,46559,7217.0,15.50076247342082
ITC46,2016,47217,7627.0,16.153080458309507
ITC46,2017,47465,7886.0,16.614347413883916
ITC46,2018,47788,7933.0,16.600401774504057
ITC46,2019,48000,8317.0,17.327083333333334
ITC46,2020,47936,8472.0,17.673564753004005
ITC46,2021,48974,8719.0,17.80332421284763
ITC46,2022,48565,8804.0,18.128281684340575
ITC46,2023,48194,8455.0,17.543677636220277
ITC46,2024,48628,8418.0,17.311014230484496
ITC47,2015,49722,7818.0,15.723422227585374
ITC47,2016,50035,8059.0,16.106725292295394
ITC47,2017,50851,8413.0,16.544414072486283
ITC47,2018,51325,8588.0,16.73258645884072
ITC47,2019,51554,8750.0,16.9724948597587
ITC47,2020,51413,8968.0,17.443059148464396
ITC47,2021,52376,9245.0,17.651214296624406
ITC47,2022,52390,9095.0,17.36018324107654
ITC47,2023,52427,8805.0,16.794781314971292
ITC47,2024,53036,8816.0,16.622671393016063
ITC48,2015,19359,3207.0,16.565938323260497
ITC48,2016,19335,3403.0,17.600206878717355
ITC48,2017,19348,3359.0,17.36096754186479
ITC48,2018,19263,3357.0,17.42719202616415
ITC48,2019,19076,3489.0,18.289997903124345
ITC48,2020,19176,3553.0,18.52836879432624
ITC48,2021,19475,3394.0,17.42747111681643
ITC48,2022,19454,3313.0,17.029916726637197
ITC48,2023,19903,3295.0,16.555293171883637
ITC48,2024,20487,3571.0,17.43056572460585
ITC49,2015,9526,1502.0,15.76737350409406
ITC49,2016,9595,1572.0,16.38353309015112
ITC49,2017,9638,1621.0,16.818842083419796
ITC49,2018,9667,1596.0,16.509775524981897
ITC49,2019,9743,1658.0,17.01734578671867
ITC49,2020,9788,1671.0,17.071924805884755
ITC49,2021,9927,1673.0,16.853027097814042
ITC49,2022,10013,1694.0,16.91800659143114
ITC49,2023,9840,1571.0,15.965447154471546
ITC49,2024,10076,1714.0,17.010718539102818
ITC4A,2015,16244,2728.0,16.793893129770993
ITC4A,2016,16144,2764.0,17.120911793855303
ITC4A,2017,15977,2651.0,16.592601865181198
ITC4A,2018,15840,2853.0,18.011363636363637
ITC4A,2019,15668,2826.0,18.03676282869543
ITC4A,2020,15701,2830.0,18.024329660531176
ITC4A,2021,15862,2786.0,17.5639894086496
ITC4A,2022,15889,2796.0,17.597079740701112
ITC4A,2023,15979,2699.0,16.890919331622754
ITC4A,2024,16250,2879.0,17.716923076923077
ITC4B,2015,14238,2264.0,15.901109706419442
ITC4B,2016,14173,2356.0,16.623156706413603
ITC4B,2017,14163,2410.0,17.01616889077173
ITC4B,2018,14001,2440.0,17.427326619527175
ITC4B,2019,14075,2501.0,17.76909413854352
ITC4B,2020,14128,2462.0,17.426387315968288
ITC4B,2021,14688,2485.0,16.918572984749456
ITC4B,2022,14766,2348.0,15.901395096844102
ITC4B,2023,15064,2490.0,16.52947424322889
ITC4B,2024,15352,2603.0,16.955445544554458
ITD,2015,477682,74821.0,15.663349257455797
ITD,2016,481194,77834.0,16.17518090416755
ITD,2017,484034,82111.0,16.963890966337075
ITD,2018,486768,83233.0,17.099110870065413
ITD,2019,489637,85323.0,17.425766435134598
ITD,2020,491542,86567.0,17.611312970203972
ITD,2021,502127,88029.0,17.531222180842697
ITD,2022,503050,87693.0,17.432263194513467
ITD,2023,503647,87262.0,17.32602398108199
ITD,2024,506009,87325.0,17.25759818501252
ITD1,2017,19728,3453.0,17.503041362530414
ITD1,2018,19765,3399.0,17.197065519858334
ITD1,2019,19734,3557.0,18.02472889429411
ITD1,2020,19999,3642.0,18.210910545527277
ITD1,2021,20260,3642.0,17.976307996051332
ITD1,2022,20311,3699.0,18.211806410319532
ITD1,2023,20140,3647.0,18.108242303872892
ITD1,2024,20002,3568.0,17.83821617838216
ITD2,2015,21730,3692.0,16.99033594109526
ITD2,2016,21729,3846.0,17.699848129228222
ITD2,2017,21649,3797.0,17.53891634717539
ITD2,2018,21525,3831.0,17.797909407665504
ITD2,2019,21804,3880.0,17.79490001834526
ITD2,2020,21728,3820.0,17.58100147275405
ITD2,2021,22254,4310.0,19.36730475420149
ITD2,2022,22037,4158.0,18.868267005490765
ITD2,2023,22318,4247.0,19.029482928577828
ITD2,2024,22354,4169.0,18.649906057081505
ITD3,2015,207457,34765.0,16.757689545303364
ITD3,2016,207819,35979.0,17.31266149870801
ITD3,2017,207793,36562.0,17.595395417554972
ITD3,2018,207909,36917.0,17.756326084969867
ITD3,2019,208079,37258.0,17.90569927767819
ITD3,2020,208046,37403.0,17.978235582515406
ITD3,2021,211578,37691.0,17.81423399408256
ITD3,2022,210924,37451.0,17.75568451195691
ITD3,2023,210498,37284.0,17.712282301969616
ITD3,2024,210466,37189.0,17.66983740841751
ITD31,2015,37906,6441.0,16.992032923547722
ITD31,2016,38050,6419.0,16.869908015768726
ITD31,2017,38282,6755.0,17.645368580533933
ITD31,2018,38174,6869.0,17.99392256509666
ITD31,2019,38342,6808.0,17.755985603254917
ITD31,2020,38449,6792.0,17.66495877656116
ITD31,2021,39364,6977.0,17.724316634488364
ITD31,2022,39287,6833.0,17.392521699289844
ITD31,2023,39547,6969.0,17.622069942094218
ITD31,2024,39873,6995.0,17.54319965891706
ITD32,2015,40846,6860.0,16.79479018753366
ITD32,2016,40673,7179.0,17.65052983551742
ITD32,2017,40619,7162.0,17.632142593367636
ITD32,2018,40499,7232.0,17.857231042741798
ITD32,2019,40515,7296.0,18.008145131432805
ITD32,2020,40716,7259.0,17.828372138716965
ITD32,2021,41179,7472.0,18.1451710823478
ITD32,2022,40724,7394.0,18.156369708280128
ITD32,2023,40563,7359.0,18.142149249315878
ITD32,2024,40389,7360.0,18.22278343113224
ITD33,2015,8639,1533.0,17.74510938766061
ITD33,2016,8471,1493.0,17.624837681501592
ITD33,2017,8544,1506.0,17.626404494382022
ITD33,2018,8417,1479.0,17.57158132351194
ITD33,2019,8369,1593.0,19.03453220217469
ITD33,2020,8210,1457.0,17.74665042630938
ITD33,2021,8238,1550.0,18.815246419033745
ITD33,2022,8009,1446.0,18.054688475465102
ITD33,2023,8062,1419.0,17.601091540560653
ITD33,2024,7944,1394.0,17.54783484390735
ITD34,2015,40599,6779.0,16.697455602354736
ITD34,2016,40705,7095.0,17.430291119027146
ITD34,2017,40680,7106.0,17.468043264503443
ITD34,2018,41110,7125.0,17.33154950133787
ITD34,2019,41222,7411.0,17.978264033768376
ITD34,2020,41175,7505.0,18.22707953855495
ITD34,2021,41810,7507.0,17.955034680698397
ITD34,2022,41572,7362.0,17.70903492735495
ITD34,2023,41204,7360.0,17.862343461799828
ITD34,2024,40897,7414.0,18.128469080861677
ITD35,2015,32685,5324.0,16.28881750038244
ITD35,2016,32932,5631.0,17.09887039961132
ITD35,2017,32782,5683.0,17.33573302422061
ITD35,2018,32900,5727.0,17.407294832826747
ITD35,2019,33043,5858.0,17.728414490209726
ITD35,2020,32787,5955.0,18.162686430597493
ITD35,2021,33216,5875.0,17.687259152215802
ITD35,2022,33480,6002.0,17.927120669056155
ITD35,2023,33137,5790.0,17.47291547213085
ITD35,2024,33254,5681.0,17.083659108678656
ITD36,2015,37369,6231.0,16.67424870882282
ITD36,2016,37662,6484.0,17.21629228399979
ITD36,2017,37714,6672.0,17.691043113962984
ITD36,2018,37765,6788.0,17.97431484178472
ITD36,2019,37782,6677.0,17.672436610025937
ITD36,2020,38008,6847.0,18.014628499263313
ITD36,2021,39086,6808.0,17.418001330399633
ITD36,2022,39208,6966.0,17.76678228932871
ITD36,2023,39348,6903.0,17.54345837145471
ITD36,2024,39358,6848.0,17.399258092382745
ITD37,2015,9413,1597.0,16.965898225857856
ITD37,2016,9326,1678.0,17.992708556723137
ITD37,2017,9172,1678.0,18.294810292193635
ITD37,2018,9044,1697.0,18.763821318000883
ITD37,2019,8806,1615.0,18.33976833976834
ITD37,2020,8701,1588.0,18.250775772899665
ITD37,2021,8685,1502.0,17.294185377086933
ITD37,2022,8644,1448.0,16.751503933364184
ITD37,2023,8637,1484.0,17.181891860599745
ITD37,2024,8751,1497.0,17.106616386698665
ITD4,2015,47796,7898.0,16.52439534689095
ITD4,2016,48105,8174.0,16.991996673942417
ITD4,2017,48588,8237.0,16.95274553387668
ITD4,2018,48844,8405.0,17.207845385308328
ITD4,2019,48980,8641.0,17.64189465087791
ITD4,2020,48985,8743.0,17.848320914565683
ITD4,2021,49939,8945.0,17.911852460001203
ITD4,2022,49825,8573.0,17.20622177621676
ITD4,2023,49636,8802.0,17.73309694576517
ITD4,2024,49756,8664.0,17.41297531955945
ITD41,2015,12516,2110.0,16.85842122083733
ITD41,2016,12593,2110.0,16.75534026840308
ITD41,2017,12649,2041.0,16.135662898252825
ITD41,2018,12720,2169.0,17.05188679245283
ITD41,2019,12924,2362.0,18.276075518415354
ITD41,2020,12857,2310.0,17.96686629851443
ITD41,2021,13196,2185.0,16.558047893301
ITD41,2022,13364,2163.0,16.185273870098772
ITD41,2023,13558,2345.0,17.296061365983185
ITD41,2024,13670,2252.0,16.474030724213605
ITD42,2015,22138,3642.0,16.451350618845424
ITD42,2016,22312,3928.0,17.604876299749016
ITD42,2017,22473,3964.0,17.638944511191205
ITD42,2018,22438,3918.0,17.461449327034494
ITD42,2019,22279,4035.0,18.11122581803492
ITD42,2020,22110,4059.0,18.35820895522388
ITD42,2021,22199,4249.0,19.140501824406506
ITD42,2022,21909,3989.0,18.207129490163858
ITD42,2023,21607,3991.0,18.470865923080485
ITD42,2024,21540,3987.0,18.50974930362117
ITD43,2015,5262,886.0,16.83770429494489
ITD43,2016,5240,827.0,15.782442748091603
ITD43,2017,5377,904.0,16.812348893435
ITD43,2018,5435,922.0,16.964121435142594
ITD43,2019,5414,865.0,15.977096416697451
ITD43,2020,5562,932.0,16.75656238763035
ITD43,2021,5807,986.0,16.979507490959186
ITD43,2022,5803,971.0,16.732724452869206
ITD43,2023,5798,945.0,16.298723697826837
ITD43,2024,5785,989.0,17.095937770095073
ITD44,2015,7880,1260.0,15.989847715736042
ITD44,2016,7960,1309.0,16.44472361809045
ITD44,2017,8089,1328.0,16.417356904438126
ITD44,2018,8251,1396.0,16.919161313780148
ITD44,2019,8363,1379.0,16.489298098768383
ITD44,2020,8456,1442.0,17.052980132450333
ITD44,2021,8737,1525.0,17.454503834268056
ITD44,2022,8749,1450.0,16.573322665447478
ITD44,2023,8673,1521.0,17.537184365271532
ITD44,2024,8761,1436.0,16.390822965414905
ITD5,2015,181139,28466.0,15.715003395182706
ITD5,2016,183763,29835.0,16.235586053775787
ITD5,2017,186276,30062.0,16.138418261074964
ITD5,2018,188725,30681.0,16.25698768048748
ITD5,2019,191040,31987.0,16.74361390284757
ITD5,2020,192784,32959.0,17.0963357955017
ITD5,2021,198096,33441.0,16.88120911073419
ITD5,2022,199953,33812.0,16.909973843853304
ITD5,2023,201055,33282.0,16.553679341473725
ITD5,2024,203431,33735.0,16.583018320708252
ITD51,2015,11467,1776.0,15.487921862736547
ITD51,2016,11621,1967.0,16.926254194991824
ITD51,2017,11668,1932.0,16.55810764484059
ITD51,2018,11863,1924.0,16.218494478631037
ITD51,2019,11899,1928.0,16.203042272459868
ITD51,2020,12010,2065.0,17.194004995836803
ITD51,2021,12226,2023.0,16.546703746114837
ITD51,2022,12197,2191.0,17.963433631220795
ITD51,2023,12294,2055.0,16.715470961444606
ITD51,2024,12585,2089.0,16.59912594358363
ITD52,2015,18843,2940.0,15.602611049195989
ITD52,2016,18932,3199.0,16.89731671244454
ITD52,2017,19070,3047.0,15.977975878342948
ITD52,2018,19310,3173.0,16.43190056965303
ITD52,2019,19574,3241.0,16.557678553182793
ITD52,2020,19811,3435.0,17.33885215284438
ITD52,2021,20245,3401.0,16.799209681402814
ITD52,2022,20507,3440.0,16.77475983810406
ITD52,2023,20611,3339.0,16.200087332007183
ITD52,2024,21096,3491.0,16.548160788775125
ITD53,2015,21220,3178.0,14.976437323279926
ITD53,2016,21594,3245.0,15.027322404371585
ITD53,2017,21772,3352.0,15.395921366893258
ITD53,2018,21795,3432.0,15.74673090158293
ITD53,2019,22046,3470.0,15.739816746802141
ITD53,2020,22241,3639.0,16.361674385144553
ITD53,2021,22753,3754.0,16.498923218916186
ITD53,2022,22971,3696.0,16.089852422619824
ITD53,2023,23038,3655.0,15.865092455942357
ITD53,2024,23260,3695.0,15.885640584694755
ITD54,2015,31905,4825.0,15.123021469989029
ITD54,2016,32837,5198.0,15.829704296982063
ITD54,2017,33503,5213.0,15.559800614870309
ITD54,2018,34034,5311.0,15.604983252042077
ITD54,2019,34633,5797.0,16.738370917910665
ITD54,2020,34802,6037.0,17.346704212401587
ITD54,2021,35628,6025.0,16.910856629617154
ITD54,2022,35885,6043.0,16.839905252891178
ITD54,2023,35997,6088.0,16.91252048781843
ITD54,2024,36094,5918.0,16.3960769102898
ITD55,2015,36619,5770.0,15.75684753816325
ITD55,2016,37464,6074.0,16.212897715139867
ITD55,2017,38165,6083.0,15.938687278920478
ITD55,2018,38890,6443.0,16.567240935973256
ITD55,2019,39574,6669.0,16.851973517966343
ITD55,2020,40084,6833.0,17.046701925955492
ITD55,2021,41433,7014.0,16.928535225544856
ITD55,2022,41756,7118.0,17.046651978158827
ITD55,2023,41713,7018.0,16.824491165823606
ITD55,2024,42195,7195.0,17.05178338665719
ITD56,2015,14466,2395.0,16.55606249135905
ITD56,2016,14354,2349.0,16.364776368956388
ITD56,2017,14549,2583.0,17.753797511856483
ITD56,2018,14559,2454.0,16.85555326602102
ITD56,2019,14654,2476.0,16.896410536372322
ITD56,2020,14829,2518.0,16.98024141884146
ITD56,2021,15288,2627.0,17.18341182626897
ITD56,2022,15431,2597.0,16.82975827878945
ITD56,2023,15748,2606.0,16.54813309626619
ITD56,2024,16001,2647.0,16.542716080244986
ITD57,2015,14803,2373.0,16.030534351145036
ITD57,2016,14904,2430.0,16.304347826086957
ITD57,2017,15163,2442.0,16.10499241574886
ITD57,2018,15420,2461.0,15.959792477302203
ITD57,2019,15530,2689.0,17.314874436574375
ITD57,2020,15529,2636.0,16.97469251078627
ITD57,2021,16128,2686.0,16.654265873015873
ITD57,2022,16385,2767.0,16.887397009459875
ITD57,2023,16500,2758.0,16.715151515151515
ITD57,2024,16704,2757.0,16.505028735632184
ITD58,2015,17272,2800.0,16.21120889300602
ITD58,2016,17478,2906.0,16.62661631765648
ITD58,2017,17791,3011.0,16.924287561126413
ITD58,2018,18020,2926.0,16.23751387347392
ITD58,2019,18278,3089.0,16.900098479045848
ITD58,2020,18482,3257.0,17.62255167189698
ITD58,2021,19058,3311.0,17.373281561548957
ITD58,2022,19279,3308.0,17.158566315680275
ITD58,2023,19432,3164.0,16.282420749279538
ITD58,2024,19689,3218.0,16.34415155670679
ITD59,2015,14544,2409.0,16.563531353135314
ITD59,2016,14579,2467.0,16.921599561012414
ITD59,2017,14595,2399.0,16.437136005481328
ITD59,2018,14834,2557.0,17.237427531346906
ITD59,2019,14852,2628.0,17.69458658766496
ITD59,2020,14996,2539.0,16.931181648439583
ITD59,2021,15337,2600.0,16.952467888113713
ITD59,2022,15542,2652.0,17.063440998584483
ITD59,2023,15722,2599.0,16.530975702836788
ITD59,2024,15807,2725.0,17.239197823748974
ITDA,2015,41290,3692.0,8.941632356502785
ITDA,2016,41507,3846.0,9.265906955453298
ITDA,2017,41377,7250.0,17.521811634482926
ITDA,2018,41290,7230.0,17.510293049164446
ITDA,2019,41538,7437.0,17.904087823198036
ITDA,2020,41727,7462.0,17.882905552759603
ITDA,2021,42514,7952.0,18.704426777061673
ITDA,2022,42348,7857.0,18.553414565032586
ITDA,2023,42458,7894.0,18.59249140326911
ITDA,2024,42356,7737.0,18.266597412409105
ITE,2015,515015,87261.0,16.943389998349563
ITE,2016,516777,91675.0,17.739760089942084
ITE,2017,517491,91453.0,17.672384640505825
ITE,2018,520166,91517.0,17.59380659251085
ITE,2019,522796,93879.0,17.957099901299934
ITE,2020,525431,96807.0,18.424303095934576
ITE,2021,536069,98224.0,18.323014388073176
ITE,2022,540159,98122.0,18.16539204197283
ITE,2023,540844,97629.0,18.051231038894763
ITE,2024,541702,97412.0,17.982580828573642
ITE1,2015,155591,24246.0,15.583163550590973
ITE1,2016,157525,25851.0,16.410728455800665
ITE1,2017,159102,26274.0,16.513934457140703
ITE1,2018,161113,25823.0,16.02788105242904
ITE1,2019,162822,27118.0,16.654997481912766
ITE1,2020,163683,28166.0,17.207651374913706
ITE1,2021,166834,28668.0,17.183547718091035
ITE1,2022,168012,28320.0,16.85593886150989
ITE1,2023,167349,27783.0,16.601832099385117
ITE1,2024,167468,28259.0,16.874268516970407
ITE11,2015,8758,1383.0,15.791276547156885
ITE11,2016,8602,1374.0,15.973029528016742
ITE11,2017,8636,1487.0,17.21861973135711
ITE11,2018,8601,1363.0,15.846994535519126
ITE11,2019,8462,1407.0,16.62727487591586
ITE11,2020,8382,1498.0,17.871629682653303
ITE11,2021,8514,1514.0,17.782475922010807
ITE11,2022,8420,1412.0,16.76959619952494
ITE11,2023,8463,1315.0,15.538225215644571
ITE11,2024,8326,1380.0,16.574585635359114
ITE12,2015,15546,2505.0,16.113469702817447
ITE12,2016,15662,2623.0,16.74754182096795
ITE12,2017,15596,2641.0,16.93382918697102
ITE12,2018,15781,2551.0,16.165008554590965
ITE12,2019,15839,2537.0,16.017425342508997
ITE12,2020,16111,2785.0,17.28632611259388
ITE12,2021,16506,2709.0,16.412213740458014
ITE12,2022,16784,2752.0,16.396568160152526
ITE12,2023,17076,2701.0,15.8175216678379
ITE12,2024,17140,2824.0,16.47607934655776
ITE13,2015,13547,1956.0,14.438621096921828
ITE13,2016,13798,2106.0,15.26308160602986
ITE13,2017,13968,2257.0,16.15836197021764
ITE13,2018,13875,2150.0,15.495495495495495
ITE13,2019,13959,2358.0,16.892327530625405
ITE13,2020,13881,2405.0,17.32584107773215
ITE13,2021,14067,2331.0,16.570697376839412
ITE13,2022,14151,2207.0,15.596070949049537
ITE13,2023,14097,2264.0,16.060154642831808
ITE13,2024,14122,2328.0,16.484917150545247
ITE14,2015,41243,6396.0,15.508086220691997
ITE14,2016,42019,7009.0,16.680549275327827
ITE14,2017,42378,7041.0,16.614752937845108
ITE14,2018,43051,6822.0,15.846321804371561
ITE14,2019,43662,7331.0,16.790344006229674
ITE14,2020,43628,7561.0,17.330613367562115
ITE14,2021,44134,7822.0,17.723297231159652
ITE14,2022,43867,7590.0,17.302300134497457
ITE14,2023,43540,7515.0,17.259990813045476
ITE14,2024,43453,7514.0,17.29224679538812
ITE15,2015,10297,1424.0,13.829270661357675
ITE15,2016,10453,1508.0,14.426480436238402
ITE15,2017,10721,1635.0,15.250443055685103
ITE15,2018,11080,1653.0,14.918772563176896
ITE15,2019,11310,1712.0,15.13704686118479
ITE15,2020,11813,1741.0,14.73800050791501
ITE15,2021,12736,1873.0,14.706344221105528
ITE15,2022,13092,1964.0,15.001527650473573
ITE15,2023,12884,1930.0,14.979819931698229
ITE15,2024,12980,2121.0,16.340523882896765
ITE16,2015,13539,2162.0,15.968683063741784
ITE16,2016,13569,2337.0,17.223082025204512
ITE16,2017,13860,2337.0,16.86147186147186
ITE16,2018,14005,2334.0,16.665476615494466
ITE16,2019,14252,2393.0,16.790625877069886
ITE16,2020,14317,2587.0,18.069427952783403
ITE16,2021,14703,2621.0,17.826293953614908
ITE16,2022,15005,2600.0,17.32755748083972
ITE16,2023,14798,2460.0,16.62386809028247
ITE16,2024,14782,2491.0,16.851576241374644
ITE17,2015,16037,2495.0,15.557772650745152
ITE17,2016,16498,2706.0,16.401988119772092
ITE17,2017,16614,2731.0,16.437943902732634
ITE17,2018,16740,2744.0,16.391875746714458
ITE17,2019,16943,2938.0,17.340494599539632
ITE17,2020,17161,2991.0,17.429054250917776
ITE17,2021,17319,3065.0,17.697326635487038
ITE17,2022,17572,2859.0,16.27020259503756
ITE17,2023,17746,2937.0,16.55020849768962
ITE17,2024,17900,2999.0,16.75418994413408
ITE18,2015,15764,2541.0,16.119005328596803
ITE18,2016,15975,2608.0,16.32550860719875
ITE18,2017,16160,2662.0,16.472772277227723
ITE18,2018,16416,2654.0,16.167153996101362
ITE18,2019,16678,2759.0,16.54275092936803
ITE18,2020,16647,2828.0,16.988045894155103
ITE18,2021,16808,2960.0,17.610661589719182
ITE18,2022,16824,3010.0,17.891107941036612
ITE18,2023,16622,2865.0,17.236192997232582
ITE18,2024,16671,2881.0,17.28150680822986
ITE19,2015,11361,1850.0,16.283777836458057
ITE19,2016,11458,1972.0,17.210682492581604
ITE19,2017,11464,1919.0,16.739357990230285
ITE19,2018,11557,1965.0,17.002682357013065
ITE19,2019,11705,2068.0,17.667663391712942
ITE19,2020,11827,2067.0,17.47695949945041
ITE19,2021,12066,2044.0,16.94016243991381
ITE19,2022,12192,2148.0,17.61811023622047
ITE19,2023,12227,2154.0,17.616749815981024
ITE19,2024,12291,2093.0,17.028720201773655
ITE1A,2015,9499,1534.0,16.149068322981368
ITE1A,2016,9491,1608.0,16.94236645242862
ITE1A,2017,9705,1564.0,16.11540443070582
ITE1A,2018,10007,1587.0,15.858898770860396
ITE1A,2019,10012,1615.0,16.13064322812625
ITE1A,2020,9916,1703.0,17.17426381605486
ITE1A,2021,9981,1729.0,17.322913535717863
ITE1A,2022,10105,1778.0,17.595249876298862
ITE1A,2023,9896,1642.0,16.592562651576394
ITE1A,2024,9803,1628.0,16.607161073140876
ITE2,2015,37266,6292.0,16.884022969999464
ITE2,2016,37445,6707.0,17.91160368540526
ITE2,2017,37472,6586.0,17.57578992314261
ITE2,2018,37683,6827.0,18.11692275031181
ITE2,2019,37688,6749.0,17.907556781999574
ITE2,2020,38014,6828.0,17.961803546061976
ITE2,2021,38850,7012.0,18.048906048906048
ITE2,2022,39322,7059.0,17.951782717054066
ITE2,2023,39520,7031.0,17.79099190283401
ITE2,2024,39491,7052.0,17.85723329366185
ITE21,2015,28207,4787.0,16.970964654163858
ITE21,2016,28430,5070.0,17.833274709813576
ITE21,2017,28476,4939.0,17.344430397527745
ITE21,2018,28754,5132.0,17.847951589344092
ITE21,2019,28731,5120.0,17.820472660192824
ITE21,2020,29016,5196.0,17.907361455748553
ITE21,2021,29618,5308.0,17.921534202174353
ITE21,2022,29991,5409.0,18.035410623186955
ITE21,2023,30176,5295.0,17.547057264050903
ITE21,2024,30153,5356.0,17.762743342287663
ITE22,2015,9059,1505.0,16.61331272767414
ITE22,2016,9015,1637.0,18.158624514697728
ITE22,2017,8996,1647.0,18.308136949755447
ITE22,2018,8929,1695.0,18.983088811737037
ITE22,2019,8957,1629.0,18.186892932901642
ITE22,2020,8998,1632.0,18.137363858635254
ITE22,2021,9232,1704.0,18.457538994800693
ITE22,2022,9331,1650.0,17.682992176615585
ITE22,2023,9344,1736.0,18.57876712328767
ITE22,2024,9338,1696.0,18.162347397729704
ITE3,2015,71298,12172.0,17.072007629947546
ITE3,2016,71358,12831.0,17.98116539140671
ITE3,2017,71081,12820.0,18.035762017979486
ITE3,2018,70626,12920.0,18.293546286070285
ITE3,2019,70614,12994.0,18.401450137366528
ITE3,2020,70678,13200.0,18.676250035371687
ITE3,2021,71735,13372.0,18.640830835714784
ITE3,2022,71898,13023.0,18.113160310439792
ITE3,2023,72194,12917.0,17.892068592957862
ITE3,2024,72434,12905.0,17.81621890272524
ITE31,2015,15746,2644.0,16.791566112028452
ITE31,2016,15995,2730.0,17.067833698030636
ITE31,2017,16108,2769.0,17.1902160417184
ITE31,2018,16206,2811.0,17.345427619400223
ITE31,2019,16225,2919.0,17.99075500770416
ITE31,2020,16364,2973.0,18.16792960156441
ITE31,2021,16621,2937.0,17.670416942422236
ITE31,2022,16810,2954.0,17.572873289708507
ITE31,2023,16858,2864.0,16.988966662712066
ITE31,2024,16940,3002.0,17.721369539551358
ITE32,2015,21910,3718.0,16.969420356001827
ITE32,2016,21700,3805.0,17.534562211981566
ITE32,2017,21948,3927.0,17.8922908693275
ITE32,2018,21646,3843.0,17.75385752563984
ITE32,2019,21713,3841.0,17.689863215585135
ITE32,2020,21811,3883.0,17.802943468891844
ITE32,2021,21956,4054.0,18.46420112953179
ITE32,2022,21917,3846.0,17.548022083314322
ITE32,2023,22099,3777.0,17.091271098239737
ITE32,2024,22509,3856.0,17.130925407614733
ITE33,2015,14935,2612.0,17.489119517910947
ITE33,2016,14870,2823.0,18.98453261600538
ITE33,2017,14828,2795.0,18.849473968168333
ITE33,2018,14930,2893.0,19.377093101138648
ITE33,2019,14992,2890.0,19.276947705442904
ITE33,2020,14979,2881.0,19.23359369784365
ITE33,2021,15294,2955.0,19.321302471557473
ITE33,2022,15242,2874.0,18.855793202991734
ITE33,2023,15302,2825.0,18.46163900143772
ITE33,2024,15332,2803.0,18.28202452387164
ITE34,2015,11526,3198.0,27.745965642894326
ITE34,2016,11551,3473.0,30.06666089516059
ITE34,2017,11140,3329.0,29.883303411131056
ITE34,2018,10814,3373.0,31.191048640651008
ITE34,2019,10703,3344.0,31.243576567317575
ITE34,2020,10539,2019.0,19.157415314545972
ITE34,2021,10712,2003.0,18.69865571321882
ITE34,2022,10764,1965.0,18.255295429208473
ITE34,2023,10802,2080.0,19.255693390112942
ITE34,2024,10543,1904.0,18.05937588921559
ITE4,2015,250860,44551.0,17.759307980546918
ITE4,2016,250449,46286.0,18.48120775087942
ITE4,2017,249836,45773.0,18.32121871947998
ITE4,2018,250744,45947.0,18.32426698146317
ITE4,2019,251672,47018.0,18.68225309132522
ITE4,2020,253056,48613.0,19.210372407688418
ITE4,2021,258650,49172.0,19.011018751208198
ITE4,2022,260927,49720.0,19.05513802711103
ITE4,2023,261781,49898.0,19.060970811479823
ITE4,2024,262309,49196.0,18.754979813883626
ITE41,2015,12804,2216.0,17.307091533895658
ITE41,2016,12732,2312.0,18.158969525604775
ITE41,2017,12780,2375.0,18.58372456964006
ITE41,2018,12692,2257.0,17.782855341947684
ITE41,2019,12796,2368.0,18.505783057205377
ITE41,2020,12888,2498.0,19.382371198013658
ITE41,2021,13170,2464.0,18.70918754745634
ITE41,2022,13229,2376.0,17.960541235165167
ITE41,2023,13499,2455.0,18.18653233572857
ITE41,2024,13530,2433.0,17.982261640798225
ITE42,2015,7319,1197.0,16.354693264107116
ITE42,2016,7215,1227.0,17.006237006237008
ITE42,2017,7086,1189.0,16.779565340107254
ITE42,2018,6980,1211.0,17.349570200573066
ITE42,2019,6919,1188.0,17.170111287758345
ITE42,2020,6873,1189.0,17.29957805907173
ITE42,2021,6964,1254.0,18.006892590465252
ITE42,2022,6853,1200.0,17.510579308332115
ITE42,2023,6750,1187.0,17.585185185185185
ITE42,2024,6707,1190.0,17.74265692560012
ITE43,2015,180602,32162.0,17.80821917808219
ITE43,2016,181161,33589.0,18.540966322773667
ITE43,2017,181134,33460.0,18.472512062892665
ITE43,2018,182056,33205.0,18.238893527266338
ITE43,2019,183490,34276.0,18.680037059240284
ITE43,2020,185302,35348.0,19.075886930524224
ITE43,2021,189989,35808.0,18.84740695513951
ITE43,2022,192192,36584.0,19.035131535131537
ITE43,2023,192929,36620.0,18.98107593985352
ITE43,2024,193494,36541.0,18.884823302014535
ITE44,2015,26158,4470.0,17.088462420674364
ITE44,2016,26052,4666.0,17.910333179794257
ITE44,2017,25895,4479.0,17.29677543927399
ITE44,2018,25998,4711.0,18.12062466343565
ITE44,2019,25865,4722.0,18.256330949159093
ITE44,2020,25577,4937.0,19.302498338350862
ITE44,2021,26024,4931.0,18.94789425146019
ITE44,2022,26082,4915.0,18.844413771950002
ITE44,2023,26042,4876.0,18.723600337915673
ITE44,2024,26147,4735.0,18.109152101579532
ITE45,2015,23977,4506.0,18.79300996788589
ITE45,2016,23289,4492.0,19.28807591566834
ITE45,2017,22941,4270.0,18.61296368946428
ITE45,2018,23018,4563.0,19.82361630028673
ITE45,2019,22602,4464.0,19.750464560658347
ITE45,2020,22416,4641.0,20.703961456102785
ITE45,2021,22503,4715.0,20.952761853975023
ITE45,2022,22571,4645.0,20.579504674139383
ITE45,2023,22561,4760.0,21.09835556934533
ITE45,2024,22431,4297.0,19.15652445276626
ITF,2015,746825,134270.0,17.97877682187929
ITF,2016,737874,133478.0,18.08953832226098
ITF,2017,730539,131889.0,18.053656272971054
ITF,2018,724904,137043.0,18.90498603953075
ITF,2019,722886,140846.0,19.483846692286196
ITF,2020,714376,143465.0,20.08256156421828
ITF,2021,724716,149242.0,20.59317029015504
ITF,2022,721177,149532.0,20.734438286301422
ITF,2023,712845,150443.0,21.104587953903025
ITF,2024,702346,141550.0,20.153884267867976
ITF1,2015,58943,10340.0,17.54237144359805
ITF1,2016,58016,10440.0,17.99503585217871
ITF1,2017,57261,9982.0,17.432458392273972
ITF1,2018,56746,10108.0,17.812709265851336
ITF1,2019,56415,10388.0,18.413542497562705
ITF1,2020,56097,10285.0,18.33431377792039
ITF1,2021,56435,10293.0,18.23868166917693
ITF1,2022,56539,10233.0,18.099011301933178
ITF1,2023,56140,9993.0,17.80014250089063
ITF1,2024,56114,10091.0,17.983034536835728
ITF11,2015,13106,2315.0,17.663665496719062
ITF11,2016,12916,2352.0,18.209972127593684
ITF11,2017,12567,2118.0,16.85366435903557
ITF11,2018,12273,2210.0,18.007007251690705
ITF11,2019,12213,2277.0,18.64406779661017
ITF11,2020,12049,2272.0,18.856336625446097
ITF11,2021,12040,2154.0,17.890365448504983
ITF11,2022,12077,2155.0,17.843835389583507
ITF11,2023,12029,2162.0,17.97323135755258
ITF11,2024,12034,2170.0,18.03224198105368
ITF12,2015,11865,2053.0,17.30299199325748
ITF12,2016,11775,1996.0,16.95116772823779
ITF12,2017,11832,2079.0,17.570993914807303
ITF12,2018,11838,1978.0,16.70890353100186
ITF12,2019,11864,2091.0,17.62474713418746
ITF12,2020,11984,2118.0,17.673564753004005
ITF12,2021,11959,2088.0,17.459653817208796
ITF12,2022,11937,2148.0,17.994470972606184
ITF12,2023,11826,2029.0,17.157111449348893
ITF12,2024,11801,2135.0,18.09168714515719
ITF13,2015,16272,2806.0,17.244346116027533
ITF13,2016,15898,2980.0,18.744496163039376
ITF13,2017,15709,2771.0,17.63956967343561
ITF13,2018,15645,2829.0,18.082454458293384
ITF13,2019,15556,2896.0,18.616610953972742
ITF13,2020,15493,2862.0,18.472858710385335
ITF13,2021,15824,2895.0,18.29499494438827
ITF13,2022,16116,2850.0,17.68428890543559
ITF13,2023,16215,2853.0,17.59481961147086
ITF13,2024,16251,2802.0,17.242015875946095
ITF14,2015,17700,3166.0,17.887005649717512
ITF14,2016,17427,3112.0,17.857347793653528
ITF14,2017,17153,3014.0,17.5712703317204
ITF14,2018,16990,3091.0,18.193054738081223
ITF14,2019,16782,3124.0,18.615182934096055
ITF14,2020,16571,3033.0,18.30305956188522
ITF14,2021,16612,3156.0,18.99831447146641
ITF14,2022,16409,3080.0,18.770187092449266
ITF14,2023,16070,2949.0,18.350964530180462
ITF14,2024,16028,2984.0,18.617419515847267
ITF2,2015,14894,2600.0,17.456693970726466
ITF2,2016,14516,2766.0,19.05483604298705
ITF2,2017,14158,2506.0,17.70024014691341
ITF2,2018,13764,2546.0,18.49752978785237
ITF2,2019,13493,2607.0,19.321129474542357
ITF2,2020,13127,2477.0,18.869505599146798
ITF2,2021,13158,2458.0,18.680650554795562
ITF2,2022,12917,2386.0,18.471781373383912
ITF2,2023,12759,2414.0,18.919978054706483
ITF2,2024,12532,2420.0,19.310564953718483
ITF21,2015,3446,651.0,18.891468369123622
ITF21,2016,3282,696.0,21.206581352833638
ITF21,2017,3132,579.0,18.486590038314176
ITF21,2018,3013,569.0,18.884832392963823
ITF21,2019,3018,593.0,19.64877402253148
ITF21,2020,2982,551.0,18.47753185781355
ITF21,2021,2994,543.0,18.13627254509018
ITF21,2022,2954,525.0,17.77251184834123
ITF21,2023,3016,614.0,20.358090185676392
ITF21,2024,3030,656.0,21.65016501650165
ITF22,2015,11448,1949.0,17.02480782669462
ITF22,2016,11234,2070.0,18.426206159871818
ITF22,2017,11026,1927.0,17.47687284600036
ITF22,2018,10751,1977.0,18.388987070970142
ITF22,2019,10475,2014.0,19.22673031026253
ITF22,2020,10145,1926.0,18.984721537703305
ITF22,2021,10164,1915.0,18.841007477371114
ITF22,2022,9963,1861.0,18.679112717053094
ITF22,2023,9743,1800.0,18.474802422251873
ITF22,2024,9502,1764.0,18.56451273416123
ITF3,2015,327923,62374.0,19.02092869362625
ITF3,2016,325783,60475.0,18.562969829610505
ITF3,2017,323741,60243.0,18.608393746853196
ITF3,2018,323332,64802.0,20.041938317271413
ITF3,2019,325015,67974.0,20.91411165638509
ITF3,2020,322882,70595.0,21.864024628192343
ITF3,2021,330549,75415.0,22.81507431575954
ITF3,2022,332476,77926.0,23.43808274882999
ITF3,2023,330951,79776.0,24.105078999610214
ITF3,2024,324504,72633.0,22.382774942681756
ITF31,2015,55049,9423.0,17.117477156714926
ITF31,2016,53880,9194.0,17.06384558277654
ITF31,2017,53683,8843.0,16.472626343535197
ITF31,2018,53649,9557.0,17.8139387500233
ITF31,2019,53916,9942.0,18.43979523703539
ITF31,2020,53716,10674.0,19.871174324223695
ITF31,2021,55554,11754.0,21.15779241818771
ITF31,2022,55704,11673.0,20.955407152089617
ITF31,2023,55396,12004.0,21.669434616217778
ITF31,2024,54029,10954.0,20.274297136722872
ITF32,2015,15378,2807.0,18.25334894004422
ITF32,2016,15119,2979.0,19.703684106091675
ITF32,2017,14933,2703.0,18.100850465412176
ITF32,2018,14926,3317.0,22.222966635401313
ITF32,2019,14785,3338.0,22.576936083868787
ITF32,2020,14544,3173.0,21.81655665566557
ITF32,2021,14675,3329.0,22.684838160136287
ITF32,2022,14473,3248.0,22.441788157258344
ITF32,2023,14511,3403.0,23.451174970711875
ITF32,2024,14087,3146.0,22.3326471214595
ITF33,2015,176079,34099.0,19.365739242044764
ITF33,2016,175715,32246.0,18.351307515010102
ITF33,2017,174708,32833.0,18.793071868489136
ITF33,2018,175407,34277.0,19.54140940783435
ITF33,2019,176568,36487.0,20.664559829640705
ITF33,2020,174568,37686.0,21.588149030750195
ITF33,2021,179725,40254.0,22.397551815273335
ITF33,2022,180723,42238.0,23.371679310325746
ITF33,2023,179238,42890.0,23.929077539361074
ITF33,2024,176302,38779.0,21.995779968463207
ITF34,2015,20610,4211.0,20.431829209121783
ITF34,2016,19862,3895.0,19.610311146913705
ITF34,2017,19863,3953.0,19.90132406987867
ITF34,2018,19536,4126.0,21.11998361998362
ITF34,2019,19349,4349.0,22.476613778489845
ITF34,2020,18726,4174.0,22.289864359713768
ITF34,2021,18792,4428.0,23.563218390804597
ITF34,2022,18596,4429.0,23.81694988169499
ITF34,2023,18522,4625.0,24.97030558255048
ITF34,2024,18082,4007.0,22.160159274416547
ITF35,2015,60807,11834.0,19.46157514759814
ITF35,2016,61207,12161.0,19.868642475533843
ITF35,2017,60554,11911.0,19.67004657000363
ITF35,2018,59814,13525.0,22.611763132377035
ITF35,2019,60397,13858.0,22.944848254052353
ITF35,2020,61328,14888.0,24.276024002087137
ITF35,2021,61803,15650.0,25.32239535297639
ITF35,2022,62980,16338.0,25.941568751984757
ITF35,2023,63284,16854.0,26.632324126161432
ITF35,2024,62004,15747.0,25.39674859686472
ITF4,2015,214128,36009.0,16.816577000672496
ITF4,2016,210856,36775.0,17.44081268733164
ITF4,2017,207685,36237.0,17.44805835760888
ITF4,2018,205887,36400.0,17.679600946150074
ITF4,2019,203342,36442.0,17.92153121342369
ITF4,2020,199486,36783.0,18.438887942010968
ITF4,2021,200441,37142.0,18.530141039008985
ITF4,2022,197609,35765.0,18.098872014938593
ITF4,2023,194215,35616.0,18.33843935844296
ITF4,2024,191463,34145.0,17.833732888338737
ITF41,2015,33495,5910.0,17.644424540976264
ITF41,2016,32906,6034.0,18.337081383334347
ITF41,2017,32595,6025.0,18.48443012732014
ITF41,2018,32444,5873.0,18.10196030082604
ITF41,2019,32044,6022.0,18.792909749094992
ITF41,2020,31643,5613.0,17.73852036785387
ITF41,2021,31880,5759.0,18.06461731493099
ITF41,2022,31446,5609.0,17.836926795140876
ITF41,2023,30556,5387.0,17.629925382903522
ITF41,2024,30189,5325.0,17.6388750869522
ITF42,2015,68890,14628.0,21.233851066918273
ITF42,2016,67678,14982.0,22.13717899465114
ITF42,2017,66375,14711.0,22.16346516007533
ITF42,2018,66041,15074.0,22.82521463939068
ITF42,2019,64875,14850.0,22.890173410404625
ITF42,2020,63829,11922.0,18.67803036237447
ITF42,2021,64187,12002.0,18.698490348512937
ITF42,2022,63063,11528.0,18.280132565846852
ITF42,2023,62104,11523.0,18.554360427669717
ITF42,2024,61402,11148.0,18.15576039868408
ITF43,2015,29997,5095.0,16.985031836516985
ITF43,2016,29504,5179.0,17.553552060737527
ITF43,2017,29063,5236.0,18.016034132746103
ITF43,2018,28817,4902.0,17.01079224069126
ITF43,2019,29007,5128.0,17.67849139862792
ITF43,2020,28353,5171.0,18.237928966952353
ITF43,2021,28766,5292.0,18.39671834804978
ITF43,2022,28413,5156.0,18.146623024671804
ITF43,2023,28077,5275.0,18.787619759945866
ITF43,2024,27604,5037.0,18.247355455731054
ITF44,2015,20425,3381.0,16.553243574051407
ITF44,2016,19858,3339.0,16.814382113002317
ITF44,2017,19625,3310.0,16.866242038216562
ITF44,2018,19142,3555.0,18.571727092257863
ITF44,2019,18391,3303.0,17.95987167636344
ITF44,2020,17932,3340.0,18.625920142761544
ITF44,2021,18096,3428.0,18.94341290893015
ITF44,2022,17866,3151.0,17.63685212134781
ITF44,2023,17750,3057.0,17.222535211267605
ITF44,2024,17656,2970.0,16.82147711826008
ITF45,2015,40715,6995.0,17.180400343853616
ITF45,2016,40344,7241.0,17.948145944874085
ITF45,2017,39810,6955.0,17.470484802813363
ITF45,2018,39517,6996.0,17.703773059695827
ITF45,2019,39305,7139.0,18.16308357715303
ITF45,2020,38359,7402.0,19.29664485518392
ITF45,2021,38096,7212.0,18.93112137757245
ITF45,2022,37853,6976.0,18.42918659023063
ITF45,2023,37180,7029.0,18.90532544378698
ITF45,2024,36472,6511.0,17.852050888352707
ITF5,2015,30371,5181.0,17.05903658094893
ITF5,2016,30265,5318.0,17.571452172476455
ITF5,2017,30147,5289.0,17.544034232261914
ITF5,2018,29642,5408.0,18.244382970109978
ITF5,2019,29215,5435.0,18.603457128187575
ITF5,2020,28476,5477.0,19.233740693917685
ITF5,2021,28202,5504.0,19.516346358414296
ITF5,2022,27550,5200.0,18.87477313974592
ITF5,2023,26804,5061.0,18.881510222354873
ITF5,2024,26531,5299.0,19.972861935094794
ITF51,2015,19216,3206.0,16.684013322231475
ITF51,2016,19134,3319.0,17.34608550224731
ITF51,2017,19017,3393.0,17.841930903928063
ITF51,2018,18503,3441.0,18.596984272820624
ITF51,2019,18221,3470.0,19.04396026562757
ITF51,2020,17732,3473.0,19.586059102188134
ITF51,2021,17422,3402.0,19.527034783606933
ITF51,2022,17055,3228.0,18.927000879507474
ITF51,2023,16492,3136.0,19.015280135823428
ITF51,2024,16236,3485.0,21.464646464646464
ITF52,2015,11155,1975.0,17.705064993276558
ITF52,2016,11131,1999.0,17.958853651962986
ITF52,2017,11130,1896.0,17.035040431266847
ITF52,2018,11139,1967.0,17.658676721429213
ITF52,2019,10994,1965.0,17.873385482990724
ITF52,2020,10744,2004.0,18.652271034996275
ITF52,2021,10780,2102.0,19.499072356215212
ITF52,2022,10495,1972.0,18.789899952358265
ITF52,2023,10312,1925.0,18.667571761055083
ITF52,2024,10295,1814.0,17.620203982515783
ITF6,2015,100566,17766.0,17.66601038124217
ITF6,2016,98438,17704.0,17.984924521018307
ITF6,2017,97547,17632.0,18.075389299517155
ITF6,2018,95533,17779.0,18.610323134414287
ITF6,2019,95406,18000.0,18.86673794101
ITF6,2020,94308,17848.0,18.92522373499597
ITF6,2021,95931,18430.0,19.211725094078037
ITF6,2022,94086,18022.0,19.154815806815044
ITF6,2023,91976,17583.0,19.116943550491435
ITF6,2024,91202,16962.0,18.598276353588737
ITF61,2015,35104,6312.0,17.980856882406563
ITF61,2016,34052,6226.0,18.283801245154468
ITF61,2017,33833,6190.0,18.295746756125673
ITF61,2018,33241,6265.0,18.84720676273277
ITF61,2019,33655,6363.0,18.906551775367703
ITF61,2020,32911,6293.0,19.12126644586916
ITF61,2021,33261,6737.0,20.254953248549352
ITF61,2022,32368,6491.0,20.05375679683638
ITF61,2023,31663,6181.0,19.521207718788492
ITF61,2024,31396,5828.0,18.562874251497004
ITF62,2015,9267,1491.0,16.08934930398187
ITF62,2016,9493,1514.0,15.94859370062151
ITF62,2017,9127,1580.0,17.31127424126219
ITF62,2018,8537,1555.0,18.21482956542111
ITF62,2019,8656,1589.0,18.35720887245841
ITF62,2020,8450,1541.0,18.236686390532544
ITF62,2021,8646,1591.0,18.401572981725653
ITF62,2022,8316,1462.0,17.58056758056758
ITF62,2023,8416,1562.0,18.559885931558938
ITF62,2024,8335,1463.0,17.55248950209958
ITF63,2015,18364,3314.0,18.046177303419732
ITF63,2016,17824,3218.0,18.05430879712747
ITF63,2017,17675,3167.0,17.917963224893917
ITF63,2018,17348,3213.0,18.52086695872723
ITF63,2019,16988,3206.0,18.87214504356016
ITF63,2020,16513,3126.0,18.9305395748804
ITF63,2021,16624,3224.0,19.39364773820982
ITF63,2022,16375,3138.0,19.163358778625955
ITF63,2023,16104,3092.0,19.20019870839543
ITF63,2024,15781,2835.0,17.964641024016224
ITF64,2015,8656,1523.0,17.594731977818853
ITF64,2016,8456,1570.0,18.56669820245979
ITF64,2017,8316,1526.0,18.35016835016835
ITF64,2018,8277,1498.0,18.098344810921834
ITF64,2019,8281,1436.0,17.340900857384373
ITF64,2020,8381,1606.0,19.162391122777713
ITF64,2021,8588,1497.0,17.431299487657196
ITF64,2022,8497,1596.0,18.78309991761798
ITF64,2023,7927,1509.0,19.036205374038097
ITF64,2024,7758,1489.0,19.193091002835782
ITF65,2015,29175,5126.0,17.569837189374464
ITF65,2016,28613,5176.0,18.08967951630378
ITF65,2017,28596,5169.0,18.075954678976082
ITF65,2018,28130,5248.0,18.656238890863847
ITF65,2019,27826,5406.0,19.427873212103787
ITF65,2020,28053,5282.0,18.82864577763519
ITF65,2021,28812,5381.0,18.676246008607524
ITF65,2022,28530,5335.0,18.699614440939364
ITF65,2023,27866,5239.0,18.800689011698847
ITF65,2024,27932,5347.0,19.142918516396964
ITG,2015,326103,54703.0,16.774761348408326
ITG,2016,321820,54676.0,16.98962152756199
ITG,2017,319625,52873.0,16.542197888150177
ITG,2018,318392,54673.0,17.17159978893942
ITG,2019,315261,54975.0,17.437932379837658
ITG,2020,311414,57089.0,18.33218801980643
ITG,2021,311596,57529.0,18.462688866352583
ITG,2022,307621,56280.0,18.295239921851888
ITG,2023,301817,56061.0,18.57450044232101
ITG,2024,298845,53380.0,17.8621024276799
ITG1,2015,252256,43720.0,17.331599644805276
ITG1,2016,249034,43541.0,17.48395801376519
ITG1,2017,246488,41910.0,17.00285612281328
ITG1,2018,245330,43725.0,17.822932376798597
ITG1,2019,242549,43454.0,17.91555520740139
ITG1,2020,240018,45059.0,18.773175345182445
ITG1,2021,239790,45655.0,19.0395762959256
ITG1,2022,236509,44852.0,18.96418318118972
ITG1,2023,232670,44994.0,19.338118365066403
ITG1,2024,230182,42478.0,18.45409284826789
ITG11,2015,22824,3799.0,16.644759901857693
ITG11,2016,22356,3772.0,16.872427983539097
ITG11,2017,22392,3656.0,16.327259735619865
ITG11,2018,22418,3696.0,16.48675171736997
ITG11,2019,22034,3869.0,17.559226649723154
ITG11,2020,21789,3828.0,17.568497865895637
ITG11,2021,21902,3917.0,17.884211487535385
ITG11,2022,21401,3875.0,18.106630531283585
ITG11,2023,20822,3800.0,18.24992796081068
ITG11,2024,20593,3661.0,17.7778856893119
ITG12,2015,62424,10841.0,17.366717929001666
ITG12,2016,61775,10845.0,17.555645487656818
ITG12,2017,60900,10396.0,17.070607553366173
ITG12,2018,60406,10679.0,17.678707413170876
ITG12,2019,59704,10501.0,17.588436285676
ITG12,2020,59103,11373.0,19.242678036647888
ITG12,2021,58689,11296.0,19.247218388454396
ITG12,2022,58055,10927.0,18.821806907243133
ITG12,2023,56813,10964.0,19.298400014081285
ITG12,2024,56288,10482.0,18.62208641273451
ITG13,2015,28862,5313.0,18.408287713949136
ITG13,2016,28239,5182.0,18.35050816247034
ITG13,2017,27925,4862.0,17.410922112802147
ITG13,2018,27817,5309.0,19.0854513427041
ITG13,2019,27415,5211.0,19.007842422031736
ITG13,2020,27158,5376.0,19.795272111348407
ITG13,2021,27031,5415.0,20.032555214383486
ITG13,2022,27054,5335.0,19.719819620019223
ITG13,2023,26776,5279.0,19.715416791156258
ITG13,2024,26536,5075.0,19.124962315345194
ITG14,2015,23776,4455.0,18.737382234185734
ITG14,2016,23066,4371.0,18.94996965230209
ITG14,2017,22418,4002.0,17.851726291373005
ITG14,2018,22272,4293.0,19.275323275862068
ITG14,2019,21772,4129.0,18.964725335293036
ITG14,2020,21905,4378.0,19.986304496690252
ITG14,2021,21690,4541.0,20.935915168280314
ITG14,2022,21403,4623.0,21.599775732373967
ITG14,2023,20764,4527.0,21.802157580427664
ITG14,2024,20329,4246.0,20.8864184170397
ITG15,2015,15108,2484.0,16.441620333598095
ITG15,2016,14736,2553.0,17.324918566775242
ITG15,2017,14806,2472.0,16.695934080778063
ITG15,2018,14863,2591.0,17.43255062907892
ITG15,2019,14484,2505.0,17.294946147473073
ITG15,2020,14364,2568.0,17.878028404344192
ITG15,2021,14353,2585.0,18.01017208945865
ITG15,2022,13949,2524.0,18.0944870600043
ITG15,2023,13578,2607.0,19.200176756517898
ITG15,2024,13174,2412.0,18.308790040989827
ITG16,2015,8698,1446.0,16.62451138192688
ITG16,2016,8733,1487.0,17.02736745677316
ITG16,2017,8462,1432.0,16.922713306546918
ITG16,2018,8093,1429.0,17.657234647225998
ITG16,2019,7911,1462.0,18.480596637593223
ITG16,2020,7590,1453.0,19.14361001317523
ITG16,2021,7614,1390.0,18.255844496979247
ITG16,2022,7266,1405.0,19.33663638865951
ITG16,2023,7204,1341.0,18.614658523042753
ITG16,2024,7200,1337.0,18.569444444444443
ITG17,2015,54805,9486.0,17.308639722653044
ITG17,2016,54627,9466.0,17.3284273344683
ITG17,2017,54270,9412.0,17.342915054357842
ITG17,2018,54030,9787.0,18.114010734776976
ITG17,2019,54015,9664.0,17.891326483384244
ITG17,2020,53710,9980.0,18.58126978216347
ITG17,2021,53833,10217.0,18.979064885850686
ITG17,2022,53258,9970.0,18.72019227158361
ITG17,2023,52774,10199.0,19.325804373365674
ITG17,2024,52397,9312.0,17.772009847892054
ITG18,2015,15974,2548.0,15.950920245398773
ITG18,2016,15880,2615.0,16.46725440806045
ITG18,2017,15888,2627.0,16.534491440080565
ITG18,2018,16069,2599.0,16.173999626610243
ITG18,2019,15926,2774.0,17.418058520658043
ITG18,2020,15656,2764.0,17.654573326520186
ITG18,2021,15881,2760.0,17.379258233108747
ITG18,2022,15575,2753.0,17.675762439807382
ITG18,2023,15521,2714.0,17.4859867276593
ITG18,2024,15412,2596.0,16.84401764858552
ITG19,2015,19785,3348.0,16.921910538286582
ITG19,2016,19622,3250.0,16.563041484048515
ITG19,2017,19427,3051.0,15.704946723632057
ITG19,2018,19362,3342.0,17.260613572978
ITG19,2019,19288,3339.0,17.311281625881378
ITG19,2020,18743,3339.0,17.81465080296644
ITG19,2021,18797,3534.0,18.800872479651005
ITG19,2022,18548,3440.0,18.546474013370716
ITG19,2023,18418,3563.0,19.345205776957325
ITG19,2024,18253,3357.0,18.391497288117023
ITG2,2015,73847,10983.0,14.872642084309451
ITG2,2016,72786,11135.0,15.29827164564614
ITG2,2017,73137,10963.0,14.989676907721124
ITG2,2018,73062,10948.0,14.984533683720674
ITG2,2019,72712,11521.0,15.844702387501375
ITG2,2020,71396,12030.0,16.84968345565578
ITG2,2021,71806,11874.0,16.53622259978275
ITG2,2022,71112,11428.0,16.070424119698504
ITG2,2023,69147,11067.0,16.005032756301794
ITG2,2024,68663,10902.0,15.877546859298311
ITG25,2015,15420,3285.0,21.30350194552529
ITG25,2016,15229,3302.0,21.682316632740168
ITG25,2017,15505,3303.0,21.302805546597874
ITG25,2018,15487,3428.0,22.134693613998838
ITG25,2019,15462,3469.0,22.435648687103868
ITG25,2020,22276,3700.0,16.60980427365775
ITG25,2021,22477,3858.0,17.16421230591271
ITG25,2022,22410,3552.0,15.850066934404284
ITG25,2023,21851,3421.0,15.656034048784953
ITG25,2024,21832,3563.0,16.320080615610113
ITG26,2015,7884,1795.0,22.767630644342972
ITG26,2016,7566,1839.0,24.30610626486915
ITG26,2017,7461,1568.0,21.015949604610643
ITG26,2018,7383,1490.0,20.181498036028714
ITG26,2019,7264,1525.0,20.99394273127753
ITG26,2020,9817,1691.0,17.225221554446367
ITG26,2021,9848,1479.0,15.018277822908205
ITG26,2022,9843,1565.0,15.899624098344
ITG26,2023,9389,1513.0,16.114602194056875
ITG26,2024,9069,1460.0,16.098798103429264
ITG27,2015,24577,4858.0,19.76644830532612
ITG27,2016,24236,4953.0,20.436540683281066
ITG27,2017,24393,5063.0,20.755954577132783
ITG27,2018,24676,4999.0,20.258550818609177
ITG27,2019,24805,5433.0,21.90284216891756
ITG27,2020,22052,3576.0,16.216216216216218
ITG27,2021,22418,3619.0,16.143277723258095
ITG27,2022,22040,3561.0,16.156987295825772
ITG27,2023,21592,3430.0,15.885513153019637
ITG27,2024,21557,3277.0,15.201558658440414
ITG28,2015,6952,1045.0,15.031645569620252
ITG28,2016,6931,1041.0,15.019477708844322
ITG28,2017,6883,1029.0,14.949876507336917
ITG28,2018,6735,1031.0,15.308092056421676
ITG28,2019,6606,1094.0,16.560702391765062
ITG28,2020,6540,1207.0,18.455657492354742
ITG28,2021,6444,1048.0,16.26319056486654
ITG28,2022,6393,1020.0,15.954950727358048
ITG28,2023,6194,1031.0,16.645140458508234
ITG28,2024,6062,1005.0,16.57868690201254
