area_code,frequency,year,population,sex,age_group,marital_status
IT,A,2019,13605095,1,TOTAL,1
IT,A,2020,13630443,1,TOTAL,1
IT,A,2021,13628057,1,TOTAL,1
IT,A,2022,13683804,1,TOTAL,1
IT,A,2023,13808498,1,TOTAL,1
IT,A,2024,13908056,1,TOTAL,1
IT,A,2025,14005993,1,TOTAL,1
IT108,A,2019,197700,1,TOTAL,1
IT108,A,2020,199701,1,TOTAL,1
IT108,A,2021,201810,1,TOTAL,1
IT108,A,2022,202962,1,TOTAL,1
IT108,A,2023,206082,1,TOTAL,1
IT108,A,2024,208097,1,TOTAL,1
IT108,A,2025,210174,1,TOTAL,1
IT109,A,2019,38387,1,TOTAL,1
IT109,A,2020,38437,1,TOTAL,1
IT109,A,2021,38317,1,TOTAL,1
IT109,A,2022,38405,1,TOTAL,1
IT109,A,2023,38769,1,TOTAL,1
IT109,A,2024,38977,1,TOTAL,1
IT109,A,2025,39258,1,TOTAL,1
IT110,A,2019,85452,1,TOTAL,1
IT110,A,2020,84856,1,TOTAL,1
IT110,A,2021,83975,1,TOTAL,1
IT110,A,2022,84033,1,TOTAL,1
IT110,A,2023,83821,1,TOTAL,1
IT110,A,2024,83461,1,TOTAL,1
IT110,A,2025,83513,1,TOTAL,1
IT111,A,2019,82940,1,TOTAL,1
IT111,A,2020,81973,1,TOTAL,1
IT111,A,2021,79769,1,TOTAL,1
IT111,A,2022,80584,1,TOTAL,1
IT111,A,2023,80290,1,TOTAL,1
IT111,A,2024,80285,1,TOTAL,1
IT111,A,2025,80223,1,TOTAL,1
ITC,A,2019,3643216,1,TOTAL,1
ITC,A,2020,3668789,1,TOTAL,1
ITC,A,2021,3691360,1,TOTAL,1
ITC,A,2022,3704343,1,TOTAL,1
ITC,A,2023,3756385,1,TOTAL,1
ITC,A,2024,3801967,1,TOTAL,1
ITC,A,2025,3837399,1,TOTAL,1
ITC1,A,2019,956198,1,TOTAL,1
ITC1,A,2020,959256,1,TOTAL,1
ITC1,A,2021,961660,1,TOTAL,1
ITC1,A,2022,967301,1,TOTAL,1
ITC1,A,2023,978135,1,TOTAL,1
ITC1,A,2024,989655,1,TOTAL,1
ITC1,A,2025,999301,1,TOTAL,1
ITC11,A,2019,494390,1,TOTAL,1
ITC11,A,2020,496745,1,TOTAL,1
ITC11,A,2021,499981,1,TOTAL,1
ITC11,A,2022,503314,1,TOTAL,1
ITC11,A,2023,508864,1,TOTAL,1
ITC11,A,2024,515347,1,TOTAL,1
ITC11,A,2025,520495,1,TOTAL,1
ITC12,A,2019,37284,1,TOTAL,1
ITC12,A,2020,37397,1,TOTAL,1
ITC12,A,2021,37091,1,TOTAL,1
ITC12,A,2022,37435,1,TOTAL,1
ITC12,A,2023,37922,1,TOTAL,1
ITC12,A,2024,38333,1,TOTAL,1
ITC12,A,2025,38781,1,TOTAL,1
ITC13,A,2019,37498,1,TOTAL,1
ITC13,A,2020,37403,1,TOTAL,1
ITC13,A,2021,36871,1,TOTAL,1
ITC13,A,2022,37163,1,TOTAL,1
ITC13,A,2023,37370,1,TOTAL,1
ITC13,A,2024,37580,1,TOTAL,1
ITC13,A,2025,37870,1,TOTAL,1
ITC14,A,2019,34954,1,TOTAL,1
ITC14,A,2020,34814,1,TOTAL,1
ITC14,A,2021,34640,1,TOTAL,1
ITC14,A,2022,34753,1,TOTAL,1
ITC14,A,2023,35089,1,TOTAL,1
ITC14,A,2024,35324,1,TOTAL,1
ITC14,A,2025,35352,1,TOTAL,1
ITC15,A,2019,81058,1,TOTAL,1
ITC15,A,2020,81479,1,TOTAL,1
ITC15,A,2021,81766,1,TOTAL,1
ITC15,A,2022,82258,1,TOTAL,1
ITC15,A,2023,83676,1,TOTAL,1
ITC15,A,2024,84856,1,TOTAL,1
ITC15,A,2025,85690,1,TOTAL,1
ITC16,A,2019,134316,1,TOTAL,1
ITC16,A,2020,134924,1,TOTAL,1
ITC16,A,2021,135800,1,TOTAL,1
ITC16,A,2022,136206,1,TOTAL,1
ITC16,A,2023,137551,1,TOTAL,1
ITC16,A,2024,139291,1,TOTAL,1
ITC16,A,2025,140369,1,TOTAL,1
ITC17,A,2019,46196,1,TOTAL,1
ITC17,A,2020,46136,1,TOTAL,1
ITC17,A,2021,46014,1,TOTAL,1
ITC17,A,2022,46319,1,TOTAL,1
ITC17,A,2023,46913,1,TOTAL,1
ITC17,A,2024,47013,1,TOTAL,1
ITC17,A,2025,47425,1,TOTAL,1
ITC18,A,2019,90502,1,TOTAL,1
ITC18,A,2020,90358,1,TOTAL,1
ITC18,A,2021,89497,1,TOTAL,1
ITC18,A,2022,89853,1,TOTAL,1
ITC18,A,2023,90750,1,TOTAL,1
ITC18,A,2024,91911,1,TOTAL,1
ITC18,A,2025,93319,1,TOTAL,1
ITC2,A,2019,30149,1,TOTAL,1
ITC2,A,2020,30096,1,TOTAL,1
ITC2,A,2021,30165,1,TOTAL,1
ITC2,A,2022,30209,1,TOTAL,1
ITC2,A,2023,30423,1,TOTAL,1
ITC2,A,2024,30492,1,TOTAL,1
ITC2,A,2025,30522,1,TOTAL,1
ITC20,A,2019,30149,1,TOTAL,1
ITC20,A,2020,30096,1,TOTAL,1
ITC20,A,2021,30165,1,TOTAL,1
ITC20,A,2022,30209,1,TOTAL,1
ITC20,A,2023,30423,1,TOTAL,1
ITC20,A,2024,30492,1,TOTAL,1
ITC20,A,2025,30522,1,TOTAL,1
ITC3,A,2019,327459,1,TOTAL,1
ITC3,A,2020,328586,1,TOTAL,1
ITC3,A,2021,331604,1,TOTAL,1
ITC3,A,2022,333091,1,TOTAL,1
ITC3,A,2023,338276,1,TOTAL,1
ITC3,A,2024,343004,1,TOTAL,1
ITC3,A,2025,347353,1,TOTAL,1
ITC31,A,2019,46004,1,TOTAL,1
ITC31,A,2020,46268,1,TOTAL,1
ITC31,A,2021,46536,1,TOTAL,1
ITC31,A,2022,47305,1,TOTAL,1
ITC31,A,2023,48107,1,TOTAL,1
ITC31,A,2024,48625,1,TOTAL,1
ITC31,A,2025,49189,1,TOTAL,1
ITC32,A,2019,58441,1,TOTAL,1
ITC32,A,2020,58304,1,TOTAL,1
ITC32,A,2021,58416,1,TOTAL,1
ITC32,A,2022,58402,1,TOTAL,1
ITC32,A,2023,58889,1,TOTAL,1
ITC32,A,2024,59584,1,TOTAL,1
ITC32,A,2025,60089,1,TOTAL,1
ITC33,A,2019,176471,1,TOTAL,1
ITC33,A,2020,177137,1,TOTAL,1
ITC33,A,2021,179503,1,TOTAL,1
ITC33,A,2022,179881,1,TOTAL,1
ITC33,A,2023,182896,1,TOTAL,1
ITC33,A,2024,185471,1,TOTAL,1
ITC33,A,2025,188270,1,TOTAL,1
ITC34,A,2019,46543,1,TOTAL,1
ITC34,A,2020,46877,1,TOTAL,1
ITC34,A,2021,47149,1,TOTAL,1
ITC34,A,2022,47503,1,TOTAL,1
ITC34,A,2023,48384,1,TOTAL,1
ITC34,A,2024,49324,1,TOTAL,1
ITC34,A,2025,49805,1,TOTAL,1
ITC4,A,2019,2329410,1,TOTAL,1
ITC4,A,2020,2350851,1,TOTAL,1
ITC4,A,2021,2367931,1,TOTAL,1
ITC4,A,2022,2373742,1,TOTAL,1
ITC4,A,2023,2409551,1,TOTAL,1
ITC4,A,2024,2438816,1,TOTAL,1
ITC4,A,2025,2460223,1,TOTAL,1
ITC41,A,2019,198186,1,TOTAL,1
ITC41,A,2020,199246,1,TOTAL,1
ITC41,A,2021,199600,1,TOTAL,1
ITC41,A,2022,200601,1,TOTAL,1
ITC41,A,2023,202851,1,TOTAL,1
ITC41,A,2024,204346,1,TOTAL,1
ITC41,A,2025,206664,1,TOTAL,1
ITC42,A,2019,137408,1,TOTAL,1
ITC42,A,2020,138111,1,TOTAL,1
ITC42,A,2021,139001,1,TOTAL,1
ITC42,A,2022,139403,1,TOTAL,1
ITC42,A,2023,141438,1,TOTAL,1
ITC42,A,2024,142516,1,TOTAL,1
ITC42,A,2025,143434,1,TOTAL,1
ITC43,A,2019,77657,1,TOTAL,1
ITC43,A,2020,77896,1,TOTAL,1
ITC43,A,2021,78250,1,TOTAL,1
ITC43,A,2022,78202,1,TOTAL,1
ITC43,A,2023,79043,1,TOTAL,1
ITC43,A,2024,79644,1,TOTAL,1
ITC43,A,2025,80371,1,TOTAL,1
ITC44,A,2019,42846,1,TOTAL,1
ITC44,A,2020,42945,1,TOTAL,1
ITC44,A,2021,42819,1,TOTAL,1
ITC44,A,2022,43124,1,TOTAL,1
ITC44,A,2023,43347,1,TOTAL,1
ITC44,A,2024,43644,1,TOTAL,1
ITC44,A,2025,43930,1,TOTAL,1
ITC45,A,2019,769001,1,TOTAL,1
ITC45,A,2020,781117,1,TOTAL,1
ITC45,A,2021,786939,1,TOTAL,1
ITC45,A,2022,786437,1,TOTAL,1
ITC45,A,2023,801251,1,TOTAL,1
ITC45,A,2024,815585,1,TOTAL,1
ITC45,A,2025,820423,1,TOTAL,1
ITC46,A,2019,262475,1,TOTAL,1
ITC46,A,2020,263914,1,TOTAL,1
ITC46,A,2021,266252,1,TOTAL,1
ITC46,A,2022,267195,1,TOTAL,1
ITC46,A,2023,270473,1,TOTAL,1
ITC46,A,2024,272974,1,TOTAL,1
ITC46,A,2025,275519,1,TOTAL,1
ITC47,A,2019,293215,1,TOTAL,1
ITC47,A,2020,295409,1,TOTAL,1
ITC47,A,2021,298922,1,TOTAL,1
ITC47,A,2022,300140,1,TOTAL,1
ITC47,A,2023,303772,1,TOTAL,1
ITC47,A,2024,306224,1,TOTAL,1
ITC47,A,2025,308883,1,TOTAL,1
ITC48,A,2019,123335,1,TOTAL,1
ITC48,A,2020,123684,1,TOTAL,1
ITC48,A,2021,123666,1,TOTAL,1
ITC48,A,2022,124191,1,TOTAL,1
ITC48,A,2023,126001,1,TOTAL,1
ITC48,A,2024,127978,1,TOTAL,1
ITC48,A,2025,130264,1,TOTAL,1
ITC49,A,2019,52861,1,TOTAL,1
ITC49,A,2020,53308,1,TOTAL,1
ITC49,A,2021,54068,1,TOTAL,1
ITC49,A,2022,54325,1,TOTAL,1
ITC49,A,2023,55228,1,TOTAL,1
ITC49,A,2024,55968,1,TOTAL,1
ITC49,A,2025,56728,1,TOTAL,1
ITC4A,A,2019,81991,1,TOTAL,1
ITC4A,A,2020,82393,1,TOTAL,1
ITC4A,A,2021,82492,1,TOTAL,1
ITC4A,A,2022,82844,1,TOTAL,1
ITC4A,A,2023,83894,1,TOTAL,1
ITC4A,A,2024,84730,1,TOTAL,1
ITC4A,A,2025,85863,1,TOTAL,1
ITC4B,A,2019,92735,1,TOTAL,1
ITC4B,A,2020,93127,1,TOTAL,1
ITC4B,A,2021,94112,1,TOTAL,1
ITC4B,A,2022,94318,1,TOTAL,1
ITC4B,A,2023,96171,1,TOTAL,1
ITC4B,A,2024,97110,1,TOTAL,1
ITC4B,A,2025,97970,1,TOTAL,1
ITCD,A,2019,6342007,1,TOTAL,1
ITCD,A,2020,6385729,1,TOTAL,1
ITCD,A,2021,6429483,1,TOTAL,1
ITCD,A,2022,6449901,1,TOTAL,1
ITCD,A,2023,6535316,1,TOTAL,1
ITCD,A,2024,6607867,1,TOTAL,1
ITCD,A,2025,6666276,1,TOTAL,1
ITD,A,2019,2698791,1,TOTAL,1
ITD,A,2020,2716940,1,TOTAL,1
ITD,A,2021,2738123,1,TOTAL,1
ITD,A,2022,2745558,1,TOTAL,1
ITD,A,2023,2778931,1,TOTAL,1
ITD,A,2024,2805900,1,TOTAL,1
ITD,A,2025,2828877,1,TOTAL,1
ITD1,A,2019,140734,1,TOTAL,1
ITD1,A,2020,141686,1,TOTAL,1
ITD1,A,2021,142450,1,TOTAL,1
ITD1,A,2022,142658,1,TOTAL,1
ITD1,A,2023,143442,1,TOTAL,1
ITD1,A,2024,144576,1,TOTAL,1
ITD1,A,2025,145222,1,TOTAL,1
ITD10,A,2019,140734,1,TOTAL,1
ITD10,A,2020,141686,1,TOTAL,1
ITD10,A,2021,142450,1,TOTAL,1
ITD10,A,2022,142658,1,TOTAL,1
ITD10,A,2023,143442,1,TOTAL,1
ITD10,A,2024,144576,1,TOTAL,1
ITD10,A,2025,145222,1,TOTAL,1
ITD2,A,2019,130410,1,TOTAL,1
ITD2,A,2020,131870,1,TOTAL,1
ITD2,A,2021,132457,1,TOTAL,1
ITD2,A,2022,133100,1,TOTAL,1
ITD2,A,2023,135079,1,TOTAL,1
ITD2,A,2024,136726,1,TOTAL,1
ITD2,A,2025,137821,1,TOTAL,1
ITD20,A,2019,130410,1,TOTAL,1
ITD20,A,2020,131870,1,TOTAL,1
ITD20,A,2021,132457,1,TOTAL,1
ITD20,A,2022,133100,1,TOTAL,1
ITD20,A,2023,135079,1,TOTAL,1
ITD20,A,2024,136726,1,TOTAL,1
ITD20,A,2025,137821,1,TOTAL,1
ITD3,A,2019,1120996,1,TOTAL,1
ITD3,A,2020,1126182,1,TOTAL,1
ITD3,A,2021,1135750,1,TOTAL,1
ITD3,A,2022,1136093,1,TOTAL,1
ITD3,A,2023,1147878,1,TOTAL,1
ITD3,A,2024,1156616,1,TOTAL,1
ITD3,A,2025,1164711,1,TOTAL,1
ITD31,A,2019,212795,1,TOTAL,1
ITD31,A,2020,214428,1,TOTAL,1
ITD31,A,2021,217969,1,TOTAL,1
ITD31,A,2022,217633,1,TOTAL,1
ITD31,A,2023,220029,1,TOTAL,1
ITD31,A,2024,221645,1,TOTAL,1
ITD31,A,2025,223155,1,TOTAL,1
ITD32,A,2019,200794,1,TOTAL,1
ITD32,A,2020,201599,1,TOTAL,1
ITD32,A,2021,203606,1,TOTAL,1
ITD32,A,2022,203945,1,TOTAL,1
ITD32,A,2023,206051,1,TOTAL,1
ITD32,A,2024,207504,1,TOTAL,1
ITD32,A,2025,208730,1,TOTAL,1
ITD33,A,2019,47225,1,TOTAL,1
ITD33,A,2020,47264,1,TOTAL,1
ITD33,A,2021,47206,1,TOTAL,1
ITD33,A,2022,47326,1,TOTAL,1
ITD33,A,2023,47588,1,TOTAL,1
ITD33,A,2024,47958,1,TOTAL,1
ITD33,A,2025,48413,1,TOTAL,1
ITD34,A,2019,205633,1,TOTAL,1
ITD34,A,2020,206463,1,TOTAL,1
ITD34,A,2021,207348,1,TOTAL,1
ITD34,A,2022,207742,1,TOTAL,1
ITD34,A,2023,209999,1,TOTAL,1
ITD34,A,2024,211530,1,TOTAL,1
ITD34,A,2025,212756,1,TOTAL,1
ITD35,A,2019,187673,1,TOTAL,1
ITD35,A,2020,188554,1,TOTAL,1
ITD35,A,2021,189672,1,TOTAL,1
ITD35,A,2022,189033,1,TOTAL,1
ITD35,A,2023,191187,1,TOTAL,1
ITD35,A,2024,192669,1,TOTAL,1
ITD35,A,2025,194080,1,TOTAL,1
ITD36,A,2019,216070,1,TOTAL,1
ITD36,A,2020,217281,1,TOTAL,1
ITD36,A,2021,218929,1,TOTAL,1
ITD36,A,2022,219540,1,TOTAL,1
ITD36,A,2023,221705,1,TOTAL,1
ITD36,A,2024,223682,1,TOTAL,1
ITD36,A,2025,225481,1,TOTAL,1
ITD37,A,2019,50806,1,TOTAL,1
ITD37,A,2020,50593,1,TOTAL,1
ITD37,A,2021,51020,1,TOTAL,1
ITD37,A,2022,50874,1,TOTAL,1
ITD37,A,2023,51319,1,TOTAL,1
ITD37,A,2024,51628,1,TOTAL,1
ITD37,A,2025,52096,1,TOTAL,1
ITD4,A,2019,271430,1,TOTAL,1
ITD4,A,2020,272137,1,TOTAL,1
ITD4,A,2021,274109,1,TOTAL,1
ITD4,A,2022,275362,1,TOTAL,1
ITD4,A,2023,278983,1,TOTAL,1
ITD4,A,2024,281228,1,TOTAL,1
ITD4,A,2025,283036,1,TOTAL,1
ITD41,A,2019,70912,1,TOTAL,1
ITD41,A,2020,71284,1,TOTAL,1
ITD41,A,2021,72056,1,TOTAL,1
ITD41,A,2022,72306,1,TOTAL,1
ITD41,A,2023,73472,1,TOTAL,1
ITD41,A,2024,74090,1,TOTAL,1
ITD41,A,2025,74612,1,TOTAL,1
ITD42,A,2019,118609,1,TOTAL,1
ITD42,A,2020,118558,1,TOTAL,1
ITD42,A,2021,118493,1,TOTAL,1
ITD42,A,2022,118950,1,TOTAL,1
ITD42,A,2023,119980,1,TOTAL,1
ITD42,A,2024,120673,1,TOTAL,1
ITD42,A,2025,121328,1,TOTAL,1
ITD43,A,2019,30737,1,TOTAL,1
ITD43,A,2020,30897,1,TOTAL,1
ITD43,A,2021,31616,1,TOTAL,1
ITD43,A,2022,31633,1,TOTAL,1
ITD43,A,2023,32287,1,TOTAL,1
ITD43,A,2024,32713,1,TOTAL,1
ITD43,A,2025,33004,1,TOTAL,1
ITD44,A,2019,51172,1,TOTAL,1
ITD44,A,2020,51398,1,TOTAL,1
ITD44,A,2021,51944,1,TOTAL,1
ITD44,A,2022,52473,1,TOTAL,1
ITD44,A,2023,53244,1,TOTAL,1
ITD44,A,2024,53752,1,TOTAL,1
ITD44,A,2025,54092,1,TOTAL,1
ITD5,A,2019,1035221,1,TOTAL,1
ITD5,A,2020,1045065,1,TOTAL,1
ITD5,A,2021,1053357,1,TOTAL,1
ITD5,A,2022,1058345,1,TOTAL,1
ITD5,A,2023,1073549,1,TOTAL,1
ITD5,A,2024,1086754,1,TOTAL,1
ITD5,A,2025,1098087,1,TOTAL,1
ITD51,A,2019,65085,1,TOTAL,1
ITD51,A,2020,65594,1,TOTAL,1
ITD51,A,2021,65984,1,TOTAL,1
ITD51,A,2022,66298,1,TOTAL,1
ITD51,A,2023,67393,1,TOTAL,1
ITD51,A,2024,68295,1,TOTAL,1
ITD51,A,2025,69165,1,TOTAL,1
ITD52,A,2019,105349,1,TOTAL,1
ITD52,A,2020,107220,1,TOTAL,1
ITD52,A,2021,107746,1,TOTAL,1
ITD52,A,2022,108289,1,TOTAL,1
ITD52,A,2023,110257,1,TOTAL,1
ITD52,A,2024,111853,1,TOTAL,1
ITD52,A,2025,113124,1,TOTAL,1
ITD53,A,2019,125980,1,TOTAL,1
ITD53,A,2020,126629,1,TOTAL,1
ITD53,A,2021,127529,1,TOTAL,1
ITD53,A,2022,127849,1,TOTAL,1
ITD53,A,2023,129529,1,TOTAL,1
ITD53,A,2024,130777,1,TOTAL,1
ITD53,A,2025,132217,1,TOTAL,1
ITD54,A,2019,167643,1,TOTAL,1
ITD54,A,2020,168992,1,TOTAL,1
ITD54,A,2021,170353,1,TOTAL,1
ITD54,A,2022,171031,1,TOTAL,1
ITD54,A,2023,173017,1,TOTAL,1
ITD54,A,2024,175139,1,TOTAL,1
ITD54,A,2025,177266,1,TOTAL,1
ITD55,A,2019,237855,1,TOTAL,1
ITD55,A,2020,241424,1,TOTAL,1
ITD55,A,2021,243838,1,TOTAL,1
ITD55,A,2022,244862,1,TOTAL,1
ITD55,A,2023,249039,1,TOTAL,1
ITD55,A,2024,252398,1,TOTAL,1
ITD55,A,2025,255179,1,TOTAL,1
ITD56,A,2019,74604,1,TOTAL,1
ITD56,A,2020,75118,1,TOTAL,1
ITD56,A,2021,75505,1,TOTAL,1
ITD56,A,2022,75960,1,TOTAL,1
ITD56,A,2023,77209,1,TOTAL,1
ITD56,A,2024,78272,1,TOTAL,1
ITD56,A,2025,79154,1,TOTAL,1
ITD57,A,2019,89831,1,TOTAL,1
ITD57,A,2020,90090,1,TOTAL,1
ITD57,A,2021,90759,1,TOTAL,1
ITD57,A,2022,91497,1,TOTAL,1
ITD57,A,2023,92430,1,TOTAL,1
ITD57,A,2024,93460,1,TOTAL,1
ITD57,A,2025,93955,1,TOTAL,1
ITD58,A,2019,91307,1,TOTAL,1
ITD58,A,2020,91983,1,TOTAL,1
ITD58,A,2021,92455,1,TOTAL,1
ITD58,A,2022,92727,1,TOTAL,1
ITD58,A,2023,93783,1,TOTAL,1
ITD58,A,2024,94870,1,TOTAL,1
ITD58,A,2025,95787,1,TOTAL,1
ITD59,A,2019,77567,1,TOTAL,1
ITD59,A,2020,78015,1,TOTAL,1
ITD59,A,2021,79188,1,TOTAL,1
ITD59,A,2022,79832,1,TOTAL,1
ITD59,A,2023,80892,1,TOTAL,1
ITD59,A,2024,81690,1,TOTAL,1
ITD59,A,2025,82240,1,TOTAL,1
ITDA,A,2019,271144,1,TOTAL,1
ITDA,A,2020,273556,1,TOTAL,1
ITDA,A,2021,274907,1,TOTAL,1
ITDA,A,2022,275758,1,TOTAL,1
ITDA,A,2023,278521,1,TOTAL,1
ITDA,A,2024,281302,1,TOTAL,1
ITDA,A,2025,283043,1,TOTAL,1
ITE,A,2019,2676651,1,TOTAL,1
ITE,A,2020,2686127,1,TOTAL,1
ITE,A,2021,2698431,1,TOTAL,1
ITE,A,2022,2711972,1,TOTAL,1
ITE,A,2023,2742488,1,TOTAL,1
ITE,A,2024,2762486,1,TOTAL,1
ITE,A,2025,2783568,1,TOTAL,1
ITE1,A,2019,817761,1,TOTAL,1
ITE1,A,2020,821784,1,TOTAL,1
ITE1,A,2021,832406,1,TOTAL,1
ITE1,A,2022,831850,1,TOTAL,1
ITE1,A,2023,842228,1,TOTAL,1
ITE1,A,2024,849417,1,TOTAL,1
ITE1,A,2025,856815,1,TOTAL,1
ITE11,A,2019,41641,1,TOTAL,1
ITE11,A,2020,41616,1,TOTAL,1
ITE11,A,2021,41575,1,TOTAL,1
ITE11,A,2022,41511,1,TOTAL,1
ITE11,A,2023,41685,1,TOTAL,1
ITE11,A,2024,41970,1,TOTAL,1
ITE11,A,2025,42438,1,TOTAL,1
ITE12,A,2019,83525,1,TOTAL,1
ITE12,A,2020,83803,1,TOTAL,1
ITE12,A,2021,84729,1,TOTAL,1
ITE12,A,2022,85138,1,TOTAL,1
ITE12,A,2023,85971,1,TOTAL,1
ITE12,A,2024,86595,1,TOTAL,1
ITE12,A,2025,87259,1,TOTAL,1
ITE13,A,2019,62056,1,TOTAL,1
ITE13,A,2020,62926,1,TOTAL,1
ITE13,A,2021,63395,1,TOTAL,1
ITE13,A,2022,63831,1,TOTAL,1
ITE13,A,2023,64605,1,TOTAL,1
ITE13,A,2024,65356,1,TOTAL,1
ITE13,A,2025,66004,1,TOTAL,1
ITE14,A,2019,229084,1,TOTAL,1
ITE14,A,2020,229637,1,TOTAL,1
ITE14,A,2021,233313,1,TOTAL,1
ITE14,A,2022,232479,1,TOTAL,1
ITE14,A,2023,235746,1,TOTAL,1
ITE14,A,2024,237599,1,TOTAL,1
ITE14,A,2025,239558,1,TOTAL,1
ITE15,A,2019,59239,1,TOTAL,1
ITE15,A,2020,59812,1,TOTAL,1
ITE15,A,2021,62956,1,TOTAL,1
ITE15,A,2022,61411,1,TOTAL,1
ITE15,A,2023,63385,1,TOTAL,1
ITE15,A,2024,64120,1,TOTAL,1
ITE15,A,2025,64339,1,TOTAL,1
ITE16,A,2019,69956,1,TOTAL,1
ITE16,A,2020,70120,1,TOTAL,1
ITE16,A,2021,70132,1,TOTAL,1
ITE16,A,2022,70275,1,TOTAL,1
ITE16,A,2023,71027,1,TOTAL,1
ITE16,A,2024,71618,1,TOTAL,1
ITE16,A,2025,72123,1,TOTAL,1
ITE17,A,2019,92880,1,TOTAL,1
ITE17,A,2020,93509,1,TOTAL,1
ITE17,A,2021,94761,1,TOTAL,1
ITE17,A,2022,95200,1,TOTAL,1
ITE17,A,2023,96132,1,TOTAL,1
ITE17,A,2024,97172,1,TOTAL,1
ITE17,A,2025,98383,1,TOTAL,1
ITE18,A,2019,73723,1,TOTAL,1
ITE18,A,2020,74059,1,TOTAL,1
ITE18,A,2021,74476,1,TOTAL,1
ITE18,A,2022,74834,1,TOTAL,1
ITE18,A,2023,75573,1,TOTAL,1
ITE18,A,2024,76066,1,TOTAL,1
ITE18,A,2025,76981,1,TOTAL,1
ITE19,A,2019,58346,1,TOTAL,1
ITE19,A,2020,58583,1,TOTAL,1
ITE19,A,2021,59111,1,TOTAL,1
ITE19,A,2022,59036,1,TOTAL,1
ITE19,A,2023,59747,1,TOTAL,1
ITE19,A,2024,60407,1,TOTAL,1
ITE19,A,2025,60877,1,TOTAL,1
ITE1A,A,2019,47311,1,TOTAL,1
ITE1A,A,2020,47719,1,TOTAL,1
ITE1A,A,2021,47958,1,TOTAL,1
ITE1A,A,2022,48135,1,TOTAL,1
ITE1A,A,2023,48357,1,TOTAL,1
ITE1A,A,2024,48514,1,TOTAL,1
ITE1A,A,2025,48853,1,TOTAL,1
ITE2,A,2019,189177,1,TOTAL,1
ITE2,A,2020,189643,1,TOTAL,1
ITE2,A,2021,190588,1,TOTAL,1
ITE2,A,2022,191033,1,TOTAL,1
ITE2,A,2023,192618,1,TOTAL,1
ITE2,A,2024,193507,1,TOTAL,1
ITE2,A,2025,195164,1,TOTAL,1
ITE21,A,2019,142638,1,TOTAL,1
ITE21,A,2020,142944,1,TOTAL,1
ITE21,A,2021,144182,1,TOTAL,1
ITE21,A,2022,144377,1,TOTAL,1
ITE21,A,2023,145547,1,TOTAL,1
ITE21,A,2024,146258,1,TOTAL,1
ITE21,A,2025,147494,1,TOTAL,1
ITE22,A,2019,46539,1,TOTAL,1
ITE22,A,2020,46699,1,TOTAL,1
ITE22,A,2021,46406,1,TOTAL,1
ITE22,A,2022,46656,1,TOTAL,1
ITE22,A,2023,47071,1,TOTAL,1
ITE22,A,2024,47249,1,TOTAL,1
ITE22,A,2025,47670,1,TOTAL,1
ITE3,A,2019,341012,1,TOTAL,1
ITE3,A,2020,341798,1,TOTAL,1
ITE3,A,2021,342405,1,TOTAL,1
ITE3,A,2022,342715,1,TOTAL,1
ITE3,A,2023,345581,1,TOTAL,1
ITE3,A,2024,348615,1,TOTAL,1
ITE3,A,2025,351098,1,TOTAL,1
ITE31,A,2019,81654,1,TOTAL,1
ITE31,A,2020,81757,1,TOTAL,1
ITE31,A,2021,82079,1,TOTAL,1
ITE31,A,2022,81890,1,TOTAL,1
ITE31,A,2023,82751,1,TOTAL,1
ITE31,A,2024,83699,1,TOTAL,1
ITE31,A,2025,84119,1,TOTAL,1
ITE32,A,2019,105314,1,TOTAL,1
ITE32,A,2020,105813,1,TOTAL,1
ITE32,A,2021,106441,1,TOTAL,1
ITE32,A,2022,106932,1,TOTAL,1
ITE32,A,2023,107943,1,TOTAL,1
ITE32,A,2024,109232,1,TOTAL,1
ITE32,A,2025,110419,1,TOTAL,1
ITE33,A,2019,69954,1,TOTAL,1
ITE33,A,2020,69973,1,TOTAL,1
ITE33,A,2021,69946,1,TOTAL,1
ITE33,A,2022,69771,1,TOTAL,1
ITE33,A,2023,70328,1,TOTAL,1
ITE33,A,2024,70647,1,TOTAL,1
ITE33,A,2025,70914,1,TOTAL,1
ITE34,A,2019,45703,1,TOTAL,1
ITE34,A,2020,45818,1,TOTAL,1
ITE34,A,2021,45622,1,TOTAL,1
ITE34,A,2022,45717,1,TOTAL,1
ITE34,A,2023,45790,1,TOTAL,1
ITE34,A,2024,46060,1,TOTAL,1
ITE34,A,2025,46388,1,TOTAL,1
ITE4,A,2019,1328701,1,TOTAL,1
ITE4,A,2020,1332902,1,TOTAL,1
ITE4,A,2021,1333032,1,TOTAL,1
ITE4,A,2022,1346374,1,TOTAL,1
ITE4,A,2023,1362061,1,TOTAL,1
ITE4,A,2024,1370947,1,TOTAL,1
ITE4,A,2025,1380491,1,TOTAL,1
ITE41,A,2019,69010,1,TOTAL,1
ITE41,A,2020,68991,1,TOTAL,1
ITE41,A,2021,68890,1,TOTAL,1
ITE41,A,2022,69631,1,TOTAL,1
ITE41,A,2023,70239,1,TOTAL,1
ITE41,A,2024,70881,1,TOTAL,1
ITE41,A,2025,71653,1,TOTAL,1
ITE42,A,2019,34377,1,TOTAL,1
ITE42,A,2020,34428,1,TOTAL,1
ITE42,A,2021,34574,1,TOTAL,1
ITE42,A,2022,35226,1,TOTAL,1
ITE42,A,2023,35473,1,TOTAL,1
ITE42,A,2024,35667,1,TOTAL,1
ITE42,A,2025,35952,1,TOTAL,1
ITE43,A,2019,990549,1,TOTAL,1
ITE43,A,2020,994765,1,TOTAL,1
ITE43,A,2021,994234,1,TOTAL,1
ITE43,A,2022,1004319,1,TOTAL,1
ITE43,A,2023,1018308,1,TOTAL,1
ITE43,A,2024,1025587,1,TOTAL,1
ITE43,A,2025,1032622,1,TOTAL,1
ITE44,A,2019,128573,1,TOTAL,1
ITE44,A,2020,129076,1,TOTAL,1
ITE44,A,2021,130696,1,TOTAL,1
ITE44,A,2022,132192,1,TOTAL,1
ITE44,A,2023,133040,1,TOTAL,1
ITE44,A,2024,133893,1,TOTAL,1
ITE44,A,2025,134959,1,TOTAL,1
ITE45,A,2019,106192,1,TOTAL,1
ITE45,A,2020,105642,1,TOTAL,1
ITE45,A,2021,104638,1,TOTAL,1
ITE45,A,2022,105006,1,TOTAL,1
ITE45,A,2023,105001,1,TOTAL,1
ITE45,A,2024,104919,1,TOTAL,1
ITE45,A,2025,105305,1,TOTAL,1
ITF,A,2019,3099477,1,TOTAL,1
ITF,A,2020,3081582,1,TOTAL,1
ITF,A,2021,3046619,1,TOTAL,1
ITF,A,2022,3056945,1,TOTAL,1
ITF,A,2023,3063255,1,TOTAL,1
ITF,A,2024,3068136,1,TOTAL,1
ITF,A,2025,3081451,1,TOTAL,1
ITF1,A,2019,288614,1,TOTAL,1
ITF1,A,2020,287979,1,TOTAL,1
ITF1,A,2021,286955,1,TOTAL,1
ITF1,A,2022,288363,1,TOTAL,1
ITF1,A,2023,290183,1,TOTAL,1
ITF1,A,2024,291881,1,TOTAL,1
ITF1,A,2025,295131,1,TOTAL,1
ITF11,A,2019,67471,1,TOTAL,1
ITF11,A,2020,66875,1,TOTAL,1
ITF11,A,2021,66521,1,TOTAL,1
ITF11,A,2022,66626,1,TOTAL,1
ITF11,A,2023,66721,1,TOTAL,1
ITF11,A,2024,67105,1,TOTAL,1
ITF11,A,2025,67847,1,TOTAL,1
ITF12,A,2019,68475,1,TOTAL,1
ITF12,A,2020,68437,1,TOTAL,1
ITF12,A,2021,68160,1,TOTAL,1
ITF12,A,2022,68265,1,TOTAL,1
ITF12,A,2023,68837,1,TOTAL,1
ITF12,A,2024,69489,1,TOTAL,1
ITF12,A,2025,70765,1,TOTAL,1
ITF13,A,2019,70369,1,TOTAL,1
ITF13,A,2020,70528,1,TOTAL,1
ITF13,A,2021,70554,1,TOTAL,1
ITF13,A,2022,71369,1,TOTAL,1
ITF13,A,2023,71917,1,TOTAL,1
ITF13,A,2024,72100,1,TOTAL,1
ITF13,A,2025,72685,1,TOTAL,1
ITF14,A,2019,82299,1,TOTAL,1
ITF14,A,2020,82139,1,TOTAL,1
ITF14,A,2021,81720,1,TOTAL,1
ITF14,A,2022,82103,1,TOTAL,1
ITF14,A,2023,82708,1,TOTAL,1
ITF14,A,2024,83187,1,TOTAL,1
ITF14,A,2025,83834,1,TOTAL,1
ITF2,A,2019,67863,1,TOTAL,1
ITF2,A,2020,66962,1,TOTAL,1
ITF2,A,2021,65743,1,TOTAL,1
ITF2,A,2022,65801,1,TOTAL,1
ITF2,A,2023,66234,1,TOTAL,1
ITF2,A,2024,66701,1,TOTAL,1
ITF2,A,2025,67118,1,TOTAL,1
ITF21,A,2019,18939,1,TOTAL,1
ITF21,A,2020,18651,1,TOTAL,1
ITF21,A,2021,18349,1,TOTAL,1
ITF21,A,2022,18146,1,TOTAL,1
ITF21,A,2023,18256,1,TOTAL,1
ITF21,A,2024,18287,1,TOTAL,1
ITF21,A,2025,18348,1,TOTAL,1
ITF22,A,2019,48924,1,TOTAL,1
ITF22,A,2020,48311,1,TOTAL,1
ITF22,A,2021,47394,1,TOTAL,1
ITF22,A,2022,47655,1,TOTAL,1
ITF22,A,2023,47978,1,TOTAL,1
ITF22,A,2024,48414,1,TOTAL,1
ITF22,A,2025,48770,1,TOTAL,1
ITF3,A,2019,1315105,1,TOTAL,1
ITF3,A,2020,1309173,1,TOTAL,1
ITF3,A,2021,1290489,1,TOTAL,1
ITF3,A,2022,1295682,1,TOTAL,1
ITF3,A,2023,1298982,1,TOTAL,1
ITF3,A,2024,1301575,1,TOTAL,1
ITF3,A,2025,1305709,1,TOTAL,1
ITF31,A,2019,210143,1,TOTAL,1
ITF31,A,2020,209648,1,TOTAL,1
ITF31,A,2021,207481,1,TOTAL,1
ITF31,A,2022,208308,1,TOTAL,1
ITF31,A,2023,209658,1,TOTAL,1
ITF31,A,2024,210555,1,TOTAL,1
ITF31,A,2025,212421,1,TOTAL,1
ITF32,A,2019,61813,1,TOTAL,1
ITF32,A,2020,60942,1,TOTAL,1
ITF32,A,2021,59490,1,TOTAL,1
ITF32,A,2022,59190,1,TOTAL,1
ITF32,A,2023,59078,1,TOTAL,1
ITF32,A,2024,59219,1,TOTAL,1
ITF32,A,2025,59336,1,TOTAL,1
ITF33,A,2019,703577,1,TOTAL,1
ITF33,A,2020,700898,1,TOTAL,1
ITF33,A,2021,691075,1,TOTAL,1
ITF33,A,2022,694267,1,TOTAL,1
ITF33,A,2023,695794,1,TOTAL,1
ITF33,A,2024,696462,1,TOTAL,1
ITF33,A,2025,697272,1,TOTAL,1
ITF34,A,2019,92271,1,TOTAL,1
ITF34,A,2020,91112,1,TOTAL,1
ITF34,A,2021,89396,1,TOTAL,1
ITF34,A,2022,89731,1,TOTAL,1
ITF34,A,2023,89630,1,TOTAL,1
ITF34,A,2024,89898,1,TOTAL,1
ITF34,A,2025,90190,1,TOTAL,1
ITF35,A,2019,247301,1,TOTAL,1
ITF35,A,2020,246573,1,TOTAL,1
ITF35,A,2021,243047,1,TOTAL,1
ITF35,A,2022,244186,1,TOTAL,1
ITF35,A,2023,244822,1,TOTAL,1
ITF35,A,2024,245441,1,TOTAL,1
ITF35,A,2025,246490,1,TOTAL,1
ITF4,A,2019,866228,1,TOTAL,1
ITF4,A,2020,862472,1,TOTAL,1
ITF4,A,2021,861051,1,TOTAL,1
ITF4,A,2022,863534,1,TOTAL,1
ITF4,A,2023,864309,1,TOTAL,1
ITF4,A,2024,864399,1,TOTAL,1
ITF4,A,2025,867001,1,TOTAL,1
ITF41,A,2019,138673,1,TOTAL,1
ITF41,A,2020,137851,1,TOTAL,1
ITF41,A,2021,137765,1,TOTAL,1
ITF41,A,2022,138107,1,TOTAL,1
ITF41,A,2023,138198,1,TOTAL,1
ITF41,A,2024,138468,1,TOTAL,1
ITF41,A,2025,138776,1,TOTAL,1
ITF42,A,2019,265686,1,TOTAL,1
ITF42,A,2020,264548,1,TOTAL,1
ITF42,A,2021,265662,1,TOTAL,1
ITF42,A,2022,265905,1,TOTAL,1
ITF42,A,2023,266273,1,TOTAL,1
ITF42,A,2024,266460,1,TOTAL,1
ITF42,A,2025,267432,1,TOTAL,1
ITF43,A,2019,123401,1,TOTAL,1
ITF43,A,2020,122760,1,TOTAL,1
ITF43,A,2021,122784,1,TOTAL,1
ITF43,A,2022,123384,1,TOTAL,1
ITF43,A,2023,123351,1,TOTAL,1
ITF43,A,2024,123415,1,TOTAL,1
ITF43,A,2025,123627,1,TOTAL,1
ITF44,A,2019,84215,1,TOTAL,1
ITF44,A,2020,83988,1,TOTAL,1
ITF44,A,2021,83325,1,TOTAL,1
ITF44,A,2022,83621,1,TOTAL,1
ITF44,A,2023,83872,1,TOTAL,1
ITF44,A,2024,83809,1,TOTAL,1
ITF44,A,2025,84091,1,TOTAL,1
ITF45,A,2019,168801,1,TOTAL,1
ITF45,A,2020,168469,1,TOTAL,1
ITF45,A,2021,167540,1,TOTAL,1
ITF45,A,2022,168484,1,TOTAL,1
ITF45,A,2023,168794,1,TOTAL,1
ITF45,A,2024,168786,1,TOTAL,1
ITF45,A,2025,169562,1,TOTAL,1
ITF5,A,2019,124792,1,TOTAL,1
ITF5,A,2020,123757,1,TOTAL,1
ITF5,A,2021,122441,1,TOTAL,1
ITF5,A,2022,122306,1,TOTAL,1
ITF5,A,2023,122385,1,TOTAL,1
ITF5,A,2024,121951,1,TOTAL,1
ITF5,A,2025,122226,1,TOTAL,1
ITF51,A,2019,80542,1,TOTAL,1
ITF51,A,2020,79623,1,TOTAL,1
ITF51,A,2021,78427,1,TOTAL,1
ITF51,A,2022,78196,1,TOTAL,1
ITF51,A,2023,78005,1,TOTAL,1
ITF51,A,2024,77498,1,TOTAL,1
ITF51,A,2025,77599,1,TOTAL,1
ITF52,A,2019,44250,1,TOTAL,1
ITF52,A,2020,44134,1,TOTAL,1
ITF52,A,2021,44014,1,TOTAL,1
ITF52,A,2022,44110,1,TOTAL,1
ITF52,A,2023,44380,1,TOTAL,1
ITF52,A,2024,44453,1,TOTAL,1
ITF52,A,2025,44627,1,TOTAL,1
ITF6,A,2019,436875,1,TOTAL,1
ITF6,A,2020,431239,1,TOTAL,1
ITF6,A,2021,419940,1,TOTAL,1
ITF6,A,2022,421259,1,TOTAL,1
ITF6,A,2023,421162,1,TOTAL,1
ITF6,A,2024,421629,1,TOTAL,1
ITF6,A,2025,424266,1,TOTAL,1
ITF61,A,2019,155993,1,TOTAL,1
ITF61,A,2020,155163,1,TOTAL,1
ITF61,A,2021,150646,1,TOTAL,1
ITF61,A,2022,151826,1,TOTAL,1
ITF61,A,2023,152438,1,TOTAL,1
ITF61,A,2024,153338,1,TOTAL,1
ITF61,A,2025,154622,1,TOTAL,1
ITF62,A,2019,42506,1,TOTAL,1
ITF62,A,2020,40657,1,TOTAL,1
ITF62,A,2021,38777,1,TOTAL,1
ITF62,A,2022,38472,1,TOTAL,1
ITF62,A,2023,38259,1,TOTAL,1
ITF62,A,2024,38012,1,TOTAL,1
ITF62,A,2025,38567,1,TOTAL,1
ITF63,A,2019,78864,1,TOTAL,1
ITF63,A,2020,78254,1,TOTAL,1
ITF63,A,2021,76788,1,TOTAL,1
ITF63,A,2022,77151,1,TOTAL,1
ITF63,A,2023,77169,1,TOTAL,1
ITF63,A,2024,77584,1,TOTAL,1
ITF63,A,2025,78060,1,TOTAL,1
ITF64,A,2019,36623,1,TOTAL,1
ITF64,A,2020,36048,1,TOTAL,1
ITF64,A,2021,35226,1,TOTAL,1
ITF64,A,2022,35246,1,TOTAL,1
ITF64,A,2023,35190,1,TOTAL,1
ITF64,A,2024,35324,1,TOTAL,1
ITF64,A,2025,35598,1,TOTAL,1
ITF65,A,2019,122889,1,TOTAL,1
ITF65,A,2020,121117,1,TOTAL,1
ITF65,A,2021,118503,1,TOTAL,1
ITF65,A,2022,118564,1,TOTAL,1
ITF65,A,2023,118106,1,TOTAL,1
ITF65,A,2024,117371,1,TOTAL,1
ITF65,A,2025,117419,1,TOTAL,1
ITFG,A,2019,4586437,1,TOTAL,1
ITFG,A,2020,4558587,1,TOTAL,1
ITFG,A,2021,4500143,1,TOTAL,1
ITFG,A,2022,4521931,1,TOTAL,1
ITFG,A,2023,4530694,1,TOTAL,1
ITFG,A,2024,4537703,1,TOTAL,1
ITFG,A,2025,4556149,1,TOTAL,1
ITG,A,2019,1486960,1,TOTAL,1
ITG,A,2020,1477005,1,TOTAL,1
ITG,A,2021,1453524,1,TOTAL,1
ITG,A,2022,1464986,1,TOTAL,1
ITG,A,2023,1467439,1,TOTAL,1
ITG,A,2024,1469567,1,TOTAL,1
ITG,A,2025,1474698,1,TOTAL,1
ITG1,A,2019,1094332,1,TOTAL,1
ITG1,A,2020,1086849,1,TOTAL,1
ITG1,A,2021,1072142,1,TOTAL,1
ITG1,A,2022,1080228,1,TOTAL,1
ITG1,A,2023,1082503,1,TOTAL,1
ITG1,A,2024,1084110,1,TOTAL,1
ITG1,A,2025,1088940,1,TOTAL,1
ITG11,A,2019,93579,1,TOTAL,1
ITG11,A,2020,93112,1,TOTAL,1
ITG11,A,2021,92297,1,TOTAL,1
ITG11,A,2022,92601,1,TOTAL,1
ITG11,A,2023,92743,1,TOTAL,1
ITG11,A,2024,92668,1,TOTAL,1
ITG11,A,2025,93040,1,TOTAL,1
ITG12,A,2019,272000,1,TOTAL,1
ITG12,A,2020,269312,1,TOTAL,1
ITG12,A,2021,264826,1,TOTAL,1
ITG12,A,2022,266459,1,TOTAL,1
ITG12,A,2023,266324,1,TOTAL,1
ITG12,A,2024,266110,1,TOTAL,1
ITG12,A,2025,266623,1,TOTAL,1
ITG13,A,2019,136532,1,TOTAL,1
ITG13,A,2020,135860,1,TOTAL,1
ITG13,A,2021,132914,1,TOTAL,1
ITG13,A,2022,134162,1,TOTAL,1
ITG13,A,2023,134599,1,TOTAL,1
ITG13,A,2024,135111,1,TOTAL,1
ITG13,A,2025,135662,1,TOTAL,1
ITG14,A,2019,94037,1,TOTAL,1
ITG14,A,2020,92761,1,TOTAL,1
ITG14,A,2021,90208,1,TOTAL,1
ITG14,A,2022,90528,1,TOTAL,1
ITG14,A,2023,90336,1,TOTAL,1
ITG14,A,2024,89978,1,TOTAL,1
ITG14,A,2025,89948,1,TOTAL,1
ITG15,A,2019,56747,1,TOTAL,1
ITG15,A,2020,55597,1,TOTAL,1
ITG15,A,2021,54833,1,TOTAL,1
ITG15,A,2022,54533,1,TOTAL,1
ITG15,A,2023,54164,1,TOTAL,1
ITG15,A,2024,53727,1,TOTAL,1
ITG15,A,2025,53469,1,TOTAL,1
ITG16,A,2019,35609,1,TOTAL,1
ITG16,A,2020,35027,1,TOTAL,1
ITG16,A,2021,34225,1,TOTAL,1
ITG16,A,2022,34234,1,TOTAL,1
ITG16,A,2023,34029,1,TOTAL,1
ITG16,A,2024,33830,1,TOTAL,1
ITG16,A,2025,33829,1,TOTAL,1
ITG17,A,2019,245351,1,TOTAL,1
ITG17,A,2020,244469,1,TOTAL,1
ITG17,A,2021,243608,1,TOTAL,1
ITG17,A,2022,246607,1,TOTAL,1
ITG17,A,2023,247376,1,TOTAL,1
ITG17,A,2024,248335,1,TOTAL,1
ITG17,A,2025,249692,1,TOTAL,1
ITG18,A,2019,72133,1,TOTAL,1
ITG18,A,2020,72688,1,TOTAL,1
ITG18,A,2021,72485,1,TOTAL,1
ITG18,A,2022,73546,1,TOTAL,1
ITG18,A,2023,74738,1,TOTAL,1
ITG18,A,2024,75734,1,TOTAL,1
ITG18,A,2025,77458,1,TOTAL,1
ITG19,A,2019,88344,1,TOTAL,1
ITG19,A,2020,88023,1,TOTAL,1
ITG19,A,2021,86746,1,TOTAL,1
ITG19,A,2022,87558,1,TOTAL,1
ITG19,A,2023,88194,1,TOTAL,1
ITG19,A,2024,88617,1,TOTAL,1
ITG19,A,2025,89219,1,TOTAL,1
ITG2,A,2019,392628,1,TOTAL,1
ITG2,A,2020,390156,1,TOTAL,1
ITG2,A,2021,381382,1,TOTAL,1
ITG2,A,2022,384758,1,TOTAL,1
ITG2,A,2023,384936,1,TOTAL,1
ITG2,A,2024,385457,1,TOTAL,1
ITG2,A,2025,385758,1,TOTAL,1
ITG25,A,2019,117758,1,TOTAL,1
ITG25,A,2020,117281,1,TOTAL,1
ITG25,A,2021,114203,1,TOTAL,1
ITG25,A,2022,115349,1,TOTAL,1
ITG25,A,2023,115574,1,TOTAL,1
ITG25,A,2024,116113,1,TOTAL,1
ITG25,A,2025,116465,1,TOTAL,1
ITG26,A,2019,53312,1,TOTAL,1
ITG26,A,2020,52657,1,TOTAL,1
ITG26,A,2021,51454,1,TOTAL,1
ITG26,A,2022,51690,1,TOTAL,1
ITG26,A,2023,51422,1,TOTAL,1
ITG26,A,2024,51323,1,TOTAL,1
ITG26,A,2025,51150,1,TOTAL,1
ITG27,A,2019,100895,1,TOTAL,1
ITG27,A,2020,100972,1,TOTAL,1
ITG27,A,2021,99497,1,TOTAL,1
ITG27,A,2022,100504,1,TOTAL,1
ITG27,A,2023,101110,1,TOTAL,1
ITG27,A,2024,101231,1,TOTAL,1
ITG27,A,2025,101473,1,TOTAL,1
ITG28,A,2019,37723,1,TOTAL,1
ITG28,A,2020,37273,1,TOTAL,1
ITG28,A,2021,36459,1,TOTAL,1
ITG28,A,2022,36631,1,TOTAL,1
ITG28,A,2023,36540,1,TOTAL,1
ITG28,A,2024,36505,1,TOTAL,1
ITG28,A,2025,36447,1,TOTAL,1
