area_code,year,patent_propensity
IT,2004,78.8
IT,2005,81.7
IT,2006,84.5
IT,2007,85.9
IT,2008,82.3
IT,2009,71.3
IT,2010,76.2
IT,2011,76.2
IT,2012,74.4
IT,2013,72.6
IT,2014,72.4
IT,2015,75.2
IT,2016,79.7
IT,2017,80.8
IT,2018,81.7
IT,2019,83.8
IT,2020,88.0
IT,2021,90.1
IT,2022,74.4
IT108,2004,5.8
IT108,2005,3.8
IT108,2006,3.8
IT108,2007,7.1
IT108,2008,4.9
IT108,2009,6.3
IT108,2010,11.8
IT108,2011,56.9
IT108,2012,75.8
IT108,2013,79.6
IT108,2014,73.5
IT108,2015,90.3
IT108,2016,100.6
IT108,2017,99.6
IT108,2018,101.5
IT108,2019,109.5
IT108,2020,122.8
IT108,2021,109.0
IT108,2022,92.3
IT109,2004,0.0
IT109,2005,0.0
IT109,2006,0.6
IT109,2007,5.8
IT109,2008,2.9
IT109,2009,0.0
IT109,2010,0.0
IT109,2011,18.8
IT109,2012,46.6
IT109,2013,35.2
IT109,2014,32.9
IT109,2015,75.7
IT109,2016,48.1
IT109,2017,60.9
IT109,2018,28.8
IT109,2019,89.8
IT109,2020,76.3
IT109,2021,67.2
IT109,2022,56.4
IT110,2004,0.0
IT110,2005,0.0
IT110,2006,0.0
IT110,2007,2.6
IT110,2008,0.0
IT110,2009,0.0
IT110,2010,0.0
IT110,2011,4.1
IT110,2012,1.5
IT110,2013,1.3
IT110,2014,8.4
IT110,2015,6.6
IT110,2016,10.7
IT110,2017,9.7
IT110,2018,15.2
IT110,2019,11.6
IT110,2020,8.8
IT110,2021,11.3
IT110,2022,5.0
IT111,2004,6.3
IT111,2005,5.5
IT111,2006,11.2
IT111,2007,5.2
IT111,2008,11.2
IT111,2009,6.0
IT111,2010,8.5
IT111,2011,3.3
IT111,2012,5.5
IT111,2013,3.3
IT111,2014,8.9
IT111,2015,6.1
IT111,2016,5.9
IT111,2017,1.4
IT111,2018,13.1
IT111,2019,5.8
IT111,2020,6.1
IT111,2021,3.0
IT111,2022,3.9
ITC,2004,145.5
ITC,2006,145.5
ITC,2007,144.6
ITC,2008,134.9
ITC,2009,115.1
ITC,2010,124.0
ITC,2011,121.5
ITC,2012,116.4
ITC,2013,104.3
ITC,2014,115.2
ITC,2015,116.9
ITC,2016,123.3
ITC,2017,128.4
ITC,2018,125.7
ITC,2019,128.9
ITC,2020,136.8
ITC,2021,132.0
ITC,2022,113.1
ITC1,2004,155.1
ITC1,2005,148.4
ITC1,2006,136.2
ITC1,2007,147.0
ITC1,2008,131.3
ITC1,2009,102.9
ITC1,2010,110.0
ITC1,2011,111.8
ITC1,2012,116.4
ITC1,2013,98.6
ITC1,2014,110.8
ITC1,2015,114.2
ITC1,2016,115.6
ITC1,2017,120.1
ITC1,2018,109.6
ITC1,2019,114.5
ITC1,2020,114.3
ITC1,2021,109.8
ITC1,2022,91.6
ITC11,2004,226.3
ITC11,2005,206.0
ITC11,2006,185.5
ITC11,2007,189.7
ITC11,2008,179.2
ITC11,2009,124.0
ITC11,2010,125.6
ITC11,2011,131.8
ITC11,2012,145.3
ITC11,2013,116.4
ITC11,2014,134.4
ITC11,2015,139.0
ITC11,2016,141.1
ITC11,2017,139.9
ITC11,2018,124.3
ITC11,2019,147.5
ITC11,2020,134.6
ITC11,2021,131.9
ITC11,2022,120.0
ITC12,2004,68.9
ITC12,2005,39.4
ITC12,2006,78.3
ITC12,2007,82.9
ITC12,2008,59.5
ITC12,2009,71.7
ITC12,2010,62.1
ITC12,2011,81.2
ITC12,2012,63.5
ITC12,2013,38.3
ITC12,2014,71.9
ITC12,2015,35.9
ITC12,2016,57.4
ITC12,2017,39.3
ITC12,2018,66.9
ITC12,2019,32.8
ITC12,2020,37.8
ITC12,2021,39.6
ITC12,2022,35.5
ITC13,2004,39.4
ITC13,2005,90.0
ITC13,2006,71.6
ITC13,2007,84.2
ITC13,2008,83.6
ITC13,2009,64.9
ITC13,2010,24.2
ITC13,2011,41.2
ITC13,2012,41.9
ITC13,2013,29.0
ITC13,2014,39.1
ITC13,2015,36.5
ITC13,2016,50.2
ITC13,2017,16.8
ITC13,2018,42.4
ITC13,2019,52.5
ITC13,2020,48.8
ITC13,2021,60.3
ITC13,2022,28.2
ITC14,2004,25.6
ITC14,2005,56.0
ITC14,2006,68.4
ITC14,2007,25.5
ITC14,2008,27.2
ITC14,2009,6.2
ITC14,2010,53.7
ITC14,2011,33.3
ITC14,2012,30.3
ITC14,2013,35.9
ITC14,2014,26.7
ITC14,2015,25.0
ITC14,2016,46.5
ITC14,2017,39.7
ITC14,2018,26.6
ITC14,2019,41.3
ITC14,2020,38.4
ITC14,2021,51.6
ITC14,2022,33.1
ITC15,2004,135.5
ITC15,2005,160.5
ITC15,2006,134.1
ITC15,2007,183.7
ITC15,2008,113.9
ITC15,2009,127.1
ITC15,2010,157.8
ITC15,2011,151.1
ITC15,2012,166.0
ITC15,2013,156.3
ITC15,2014,170.4
ITC15,2015,177.3
ITC15,2016,178.5
ITC15,2017,233.0
ITC15,2018,148.6
ITC15,2019,127.9
ITC15,2020,185.2
ITC15,2021,136.9
ITC15,2022,110.8
ITC16,2004,76.0
ITC16,2005,54.2
ITC16,2006,64.9
ITC16,2007,84.8
ITC16,2008,80.8
ITC16,2009,82.8
ITC16,2010,101.6
ITC16,2011,93.0
ITC16,2012,70.9
ITC16,2013,58.4
ITC16,2014,69.8
ITC16,2015,91.7
ITC16,2016,88.1
ITC16,2017,86.0
ITC16,2018,92.4
ITC16,2019,80.0
ITC16,2020,86.7
ITC16,2021,78.7
ITC16,2022,60.3
ITC17,2004,38.4
ITC17,2005,75.9
ITC17,2006,77.4
ITC17,2007,83.6
ITC17,2008,70.0
ITC17,2009,75.8
ITC17,2010,71.4
ITC17,2011,85.5
ITC17,2012,68.6
ITC17,2013,80.7
ITC17,2014,50.4
ITC17,2015,38.0
ITC17,2016,50.7
ITC17,2017,26.4
ITC17,2018,58.6
ITC17,2019,33.3
ITC17,2020,43.4
ITC17,2021,67.3
ITC17,2022,34.6
ITC18,2004,103.2
ITC18,2005,108.4
ITC18,2006,85.3
ITC18,2007,109.7
ITC18,2008,84.4
ITC18,2009,79.2
ITC18,2010,96.4
ITC18,2011,85.4
ITC18,2012,93.9
ITC18,2013,97.8
ITC18,2014,99.1
ITC18,2015,97.0
ITC18,2016,74.3
ITC18,2017,118.2
ITC18,2018,124.0
ITC18,2019,102.8
ITC18,2020,105.7
ITC18,2021,103.1
ITC18,2022,66.3
ITC2,2004,57.5
ITC2,2005,98.5
ITC2,2006,66.2
ITC2,2007,24.1
ITC2,2008,55.7
ITC2,2009,49.8
ITC2,2010,70.1
ITC2,2011,36.2
ITC2,2012,25.9
ITC2,2013,74.2
ITC2,2014,50.7
ITC2,2015,53.1
ITC2,2016,39.4
ITC2,2017,19.7
ITC2,2018,80.0
ITC2,2019,71.6
ITC2,2020,60.8
ITC2,2021,46.7
ITC2,2022,30.8
ITC20,2004,57.5
ITC20,2005,98.5
ITC20,2006,66.2
ITC20,2007,24.1
ITC20,2008,55.7
ITC20,2009,49.8
ITC20,2010,70.1
ITC20,2011,36.2
ITC20,2012,25.9
ITC20,2013,74.2
ITC20,2014,50.7
ITC20,2015,53.1
ITC20,2016,39.4
ITC20,2017,19.7
ITC20,2018,80.0
ITC20,2019,71.6
ITC20,2020,60.8
ITC20,2021,46.7
ITC20,2022,30.8
ITC3,2004,60.5
ITC3,2005,62.3
ITC3,2006,71.8
ITC3,2007,86.9
ITC3,2008,81.8
ITC3,2009,71.3
ITC3,2010,79.5
ITC3,2011,79.9
ITC3,2012,75.6
ITC3,2013,64.2
ITC3,2014,73.7
ITC3,2015,65.6
ITC3,2016,64.1
ITC3,2017,75.4
ITC3,2018,80.6
ITC3,2019,56.6
ITC3,2020,78.2
ITC3,2021,83.6
ITC3,2022,65.3
ITC31,2004,19.7
ITC31,2005,5.7
ITC31,2006,14.2
ITC31,2007,18.0
ITC31,2008,45.8
ITC31,2009,16.7
ITC31,2010,23.5
ITC31,2011,39.0
ITC31,2012,17.0
ITC31,2013,6.9
ITC31,2014,10.6
ITC31,2015,31.6
ITC31,2016,26.8
ITC31,2017,18.8
ITC31,2018,20.8
ITC31,2019,7.1
ITC31,2020,19.1
ITC31,2021,26.3
ITC31,2022,28.3
ITC32,2004,43.5
ITC32,2005,26.3
ITC32,2006,53.2
ITC32,2007,40.5
ITC32,2008,56.5
ITC32,2009,41.3
ITC32,2010,63.1
ITC32,2011,42.2
ITC32,2012,64.2
ITC32,2013,46.6
ITC32,2014,35.8
ITC32,2015,24.6
ITC32,2016,33.0
ITC32,2017,45.8
ITC32,2018,37.4
ITC32,2019,31.1
ITC32,2020,39.0
ITC32,2021,24.1
ITC32,2022,30.6
ITC33,2004,82.0
ITC33,2005,92.5
ITC33,2006,101.1
ITC33,2007,124.3
ITC33,2008,110.9
ITC33,2009,109.9
ITC33,2010,105.6
ITC33,2011,97.0
ITC33,2012,102.5
ITC33,2013,85.7
ITC33,2014,105.2
ITC33,2015,98.2
ITC33,2016,91.3
ITC33,2017,114.2
ITC33,2018,127.0
ITC33,2019,88.3
ITC33,2020,113.3
ITC33,2021,124.6
ITC33,2022,91.9
ITC34,2004,34.7
ITC34,2005,40.2
ITC34,2006,33.7
ITC34,2007,63.1
ITC34,2008,34.3
ITC34,2009,10.4
ITC34,2010,53.8
ITC34,2011,102.1
ITC34,2012,42.5
ITC34,2013,58.8
ITC34,2014,61.5
ITC34,2015,25.0
ITC34,2016,34.6
ITC34,2017,18.2
ITC34,2018,15.6
ITC34,2019,14.7
ITC34,2020,51.1
ITC34,2021,57.0
ITC34,2022,43.2
ITC4,2004,156.8
ITC4,2005,151.3
ITC4,2006,163.2
ITC4,2007,154.7
ITC4,2008,146.5
ITC4,2009,128.8
ITC4,2010,138.4
ITC4,2011,133.7
ITC4,2012,124.2
ITC4,2013,113.7
ITC4,2014,124.6
ITC4,2015,127.0
ITC4,2016,137.0
ITC4,2017,141.6
ITC4,2018,140.2
ITC4,2019,146.9
ITC4,2020,156.4
ITC4,2021,149.9
ITC4,2022,130.6
ITC41,2004,161.3
ITC41,2005,178.7
ITC41,2006,198.4
ITC41,2007,201.2
ITC41,2008,169.6
ITC41,2009,161.8
ITC41,2010,170.0
ITC41,2011,159.2
ITC41,2012,178.5
ITC41,2013,125.7
ITC41,2014,157.4
ITC41,2015,167.5
ITC41,2016,215.0
ITC41,2017,204.5
ITC41,2018,230.5
ITC41,2019,212.6
ITC41,2020,247.4
ITC41,2021,228.7
ITC41,2022,267.2
ITC42,2004,132.4
ITC42,2005,152.8
ITC42,2006,153.6
ITC42,2007,125.7
ITC42,2008,160.5
ITC42,2009,140.2
ITC42,2010,112.7
ITC42,2011,146.1
ITC42,2012,145.7
ITC42,2013,142.1
ITC42,2014,130.7
ITC42,2015,145.4
ITC42,2016,170.7
ITC42,2017,146.0
ITC42,2018,149.0
ITC42,2019,133.3
ITC42,2020,168.3
ITC42,2021,170.5
ITC42,2022,120.3
ITC43,2004,185.0
ITC43,2005,181.5
ITC43,2006,147.0
ITC43,2007,180.6
ITC43,2008,185.2
ITC43,2009,146.8
ITC43,2010,139.4
ITC43,2011,147.9
ITC43,2012,170.4
ITC43,2013,140.1
ITC43,2014,166.6
ITC43,2015,187.7
ITC43,2016,190.6
ITC43,2017,173.9
ITC43,2018,163.6
ITC43,2019,151.7
ITC43,2020,150.8
ITC43,2021,159.8
ITC43,2022,138.7
ITC44,2004,39.3
ITC44,2005,43.1
ITC44,2006,40.7
ITC44,2007,51.7
ITC44,2008,53.1
ITC44,2009,35.9
ITC44,2010,54.0
ITC44,2011,31.4
ITC44,2012,47.8
ITC44,2013,42.9
ITC44,2014,56.5
ITC44,2015,68.2
ITC44,2016,41.9
ITC44,2017,64.6
ITC44,2018,42.5
ITC44,2019,24.4
ITC44,2020,38.2
ITC44,2021,39.7
ITC44,2022,38.0
ITC45,2004,250.8
ITC45,2005,224.8
ITC45,2006,245.3
ITC45,2007,224.6
ITC45,2008,213.2
ITC45,2009,188.9
ITC45,2010,203.8
ITC45,2011,176.1
ITC45,2012,146.1
ITC45,2013,135.2
ITC45,2014,149.6
ITC45,2015,146.4
ITC45,2016,154.4
ITC45,2017,161.6
ITC45,2018,157.9
ITC45,2019,172.4
ITC45,2020,189.4
ITC45,2021,173.6
ITC45,2022,136.0
ITC46,2004,111.9
ITC46,2005,126.4
ITC46,2006,156.9
ITC46,2007,155.8
ITC46,2008,142.8
ITC46,2009,113.1
ITC46,2010,107.2
ITC46,2011,128.9
ITC46,2012,121.0
ITC46,2013,116.3
ITC46,2014,114.3
ITC46,2015,114.9
ITC46,2016,140.3
ITC46,2017,129.4
ITC46,2018,147.3
ITC46,2019,154.2
ITC46,2020,137.9
ITC46,2021,128.9
ITC46,2022,129.2
ITC47,2004,128.7
ITC47,2005,123.8
ITC47,2006,109.9
ITC47,2007,114.1
ITC47,2008,103.0
ITC47,2009,99.0
ITC47,2010,124.0
ITC47,2011,104.2
ITC47,2012,109.7
ITC47,2013,90.9
ITC47,2014,116.1
ITC47,2015,103.5
ITC47,2016,109.1
ITC47,2017,142.3
ITC47,2018,112.0
ITC47,2019,124.4
ITC47,2020,134.9
ITC47,2021,139.2
ITC47,2022,118.7
ITC48,2004,142.0
ITC48,2005,119.5
ITC48,2006,136.9
ITC48,2007,121.9
ITC48,2008,123.0
ITC48,2009,104.5
ITC48,2010,89.1
ITC48,2011,85.8
ITC48,2012,63.5
ITC48,2013,88.7
ITC48,2014,79.9
ITC48,2015,71.4
ITC48,2016,67.1
ITC48,2017,88.0
ITC48,2018,63.5
ITC48,2019,96.7
ITC48,2020,76.8
ITC48,2021,66.4
ITC48,2022,89.4
ITC49,2004,79.8
ITC49,2005,68.8
ITC49,2006,62.3
ITC49,2007,94.7
ITC49,2008,80.8
ITC49,2009,73.6
ITC49,2010,94.6
ITC49,2011,55.7
ITC49,2012,67.8
ITC49,2013,81.9
ITC49,2014,45.7
ITC49,2015,69.4
ITC49,2016,52.4
ITC49,2017,57.8
ITC49,2018,80.7
ITC49,2019,51.1
ITC49,2020,77.4
ITC49,2021,74.3
ITC49,2022,55.0
ITC4A,2004,92.4
ITC4A,2005,116.4
ITC4A,2006,109.4
ITC4A,2007,97.4
ITC4A,2008,68.6
ITC4A,2009,84.4
ITC4A,2010,154.1
ITC4A,2011,129.1
ITC4A,2012,103.6
ITC4A,2013,94.8
ITC4A,2014,120.5
ITC4A,2015,143.0
ITC4A,2016,95.2
ITC4A,2017,118.4
ITC4A,2018,114.0
ITC4A,2019,117.9
ITC4A,2020,91.6
ITC4A,2021,161.0
ITC4A,2022,83.9
ITC4B,2004,118.9
ITC4B,2005,117.2
ITC4B,2006,180.6
ITC4B,2007,138.4
ITC4B,2008,150.6
ITC4B,2009,104.7
ITC4B,2010,118.2
ITC4B,2011,149.1
ITC4B,2012,90.7
ITC4B,2013,93.3
ITC4B,2014,114.1
ITC4B,2015,110.7
ITC4B,2016,112.3
ITC4B,2017,106.4
ITC4B,2018,122.4
ITC4B,2019,146.9
ITC4B,2020,128.0
ITC4B,2021,121.2
ITC4B,2022,101.4
ITCD,2004,140.5
ITCD,2006,148.0
ITCD,2007,151.0
ITCD,2008,142.6
ITCD,2009,121.0
ITCD,2010,128.0
ITCD,2011,130.1
ITCD,2012,129.0
ITCD,2013,124.7
ITCD,2014,123.3
ITCD,2015,127.2
ITCD,2016,136.7
ITCD,2017,137.6
ITCD,2018,138.4
ITCD,2019,142.2
ITCD,2020,149.2
ITCD,2021,146.9
ITCD,2022,124.4
ITD,2004,133.6
ITD,2006,151.5
ITD,2007,160.0
ITD,2008,153.2
ITD,2009,129.1
ITD,2010,133.4
ITD,2011,142.1
ITD,2012,146.5
ITD,2013,152.9
ITD,2014,134.5
ITD,2015,141.3
ITD,2016,155.2
ITD,2017,150.3
ITD,2018,156.1
ITD,2019,160.4
ITD,2020,166.2
ITD,2021,167.4
ITD,2022,139.8
ITD10,2004,45.1
ITD10,2005,87.1
ITD10,2006,90.8
ITD10,2007,107.2
ITD10,2008,104.0
ITD10,2009,129.6
ITD10,2010,129.5
ITD10,2011,141.4
ITD10,2012,132.9
ITD10,2013,131.5
ITD10,2014,113.7
ITD10,2015,113.7
ITD10,2016,87.5
ITD10,2017,129.1
ITD10,2018,105.0
ITD10,2019,129.7
ITD10,2020,154.1
ITD10,2021,133.1
ITD10,2022,113.6
ITD20,2004,52.2
ITD20,2005,43.1
ITD20,2006,60.2
ITD20,2007,56.9
ITD20,2008,75.6
ITD20,2009,64.2
ITD20,2010,50.2
ITD20,2011,76.6
ITD20,2012,77.8
ITD20,2013,60.7
ITD20,2014,89.8
ITD20,2015,94.4
ITD20,2016,134.9
ITD20,2017,122.5
ITD20,2018,78.2
ITD20,2019,110.2
ITD20,2020,104.3
ITD20,2021,117.9
ITD20,2022,61.9
ITD3,2004,121.4
ITD3,2005,129.6
ITD3,2006,132.9
ITD3,2007,138.8
ITD3,2008,142.2
ITD3,2009,115.8
ITD3,2010,114.6
ITD3,2011,111.9
ITD3,2012,110.2
ITD3,2013,119.3
ITD3,2014,109.9
ITD3,2015,123.7
ITD3,2016,124.4
ITD3,2017,132.8
ITD3,2018,140.3
ITD3,2019,139.0
ITD3,2020,140.7
ITD3,2021,137.9
ITD3,2022,131.8
ITD31,2004,116.7
ITD31,2005,110.8
ITD31,2006,108.1
ITD31,2007,120.3
ITD31,2008,98.5
ITD31,2009,82.5
ITD31,2010,74.9
ITD31,2011,76.7
ITD31,2012,72.6
ITD31,2013,87.7
ITD31,2014,78.3
ITD31,2015,88.3
ITD31,2016,99.2
ITD31,2017,83.3
ITD31,2018,109.9
ITD31,2019,100.2
ITD31,2020,91.2
ITD31,2021,97.2
ITD31,2022,93.5
ITD32,2004,198.6
ITD32,2005,197.5
ITD32,2006,189.7
ITD32,2007,195.5
ITD32,2008,244.3
ITD32,2009,175.4
ITD32,2010,151.0
ITD32,2011,173.2
ITD32,2012,151.0
ITD32,2013,183.8
ITD32,2014,172.1
ITD32,2015,195.2
ITD32,2016,166.1
ITD32,2017,216.0
ITD32,2018,191.2
ITD32,2019,201.8
ITD32,2020,210.7
ITD32,2021,198.6
ITD32,2022,201.7
ITD33,2004,84.4
ITD33,2005,40.9
ITD33,2006,30.0
ITD33,2007,36.2
ITD33,2008,76.6
ITD33,2009,71.8
ITD33,2010,28.0
ITD33,2011,65.1
ITD33,2012,76.3
ITD33,2013,59.0
ITD33,2014,78.6
ITD33,2015,60.7
ITD33,2016,30.3
ITD33,2017,58.5
ITD33,2018,114.4
ITD33,2019,85.0
ITD33,2020,104.8
ITD33,2021,109.2
ITD33,2022,62.9
ITD34,2004,137.6
ITD34,2005,172.4
ITD34,2006,198.4
ITD34,2007,209.3
ITD34,2008,199.6
ITD34,2009,168.3
ITD34,2010,170.2
ITD34,2011,160.1
ITD34,2012,171.5
ITD34,2013,156.2
ITD34,2014,144.4
ITD34,2015,188.4
ITD34,2016,187.7
ITD34,2017,189.3
ITD34,2018,220.4
ITD34,2019,221.1
ITD34,2020,219.6
ITD34,2021,184.5
ITD34,2022,190.1
ITD35,2004,45.0
ITD35,2005,77.4
ITD35,2006,69.2
ITD35,2007,81.6
ITD35,2008,72.1
ITD35,2009,68.2
ITD35,2010,81.2
ITD35,2011,50.4
ITD35,2012,53.8
ITD35,2013,76.1
ITD35,2014,49.3
ITD35,2015,59.1
ITD35,2016,76.2
ITD35,2017,69.8
ITD35,2018,76.7
ITD35,2019,54.1
ITD35,2020,71.2
ITD35,2021,67.3
ITD35,2022,60.3
ITD36,2004,130.5
ITD36,2005,128.3
ITD36,2006,145.2
ITD36,2007,139.3
ITD36,2008,146.1
ITD36,2009,116.8
ITD36,2010,132.5
ITD36,2011,124.7
ITD36,2012,122.6
ITD36,2013,129.1
ITD36,2014,133.5
ITD36,2015,129.9
ITD36,2016,137.0
ITD36,2017,147.0
ITD36,2018,138.0
ITD36,2019,153.8
ITD36,2020,145.5
ITD36,2021,177.2
ITD36,2022,156.6
ITD37,2004,81.0
ITD37,2005,75.8
ITD37,2006,58.6
ITD37,2007,43.5
ITD37,2008,25.7
ITD37,2009,40.0
ITD37,2010,55.6
ITD37,2011,59.3
ITD37,2012,63.5
ITD37,2013,39.8
ITD37,2014,30.9
ITD37,2015,24.1
ITD37,2016,40.6
ITD37,2017,46.4
ITD37,2018,34.9
ITD37,2019,47.6
ITD37,2020,44.9
ITD37,2021,22.1
ITD37,2022,24.0
ITD4,2004,112.7
ITD4,2005,105.4
ITD4,2006,145.9
ITD4,2007,147.6
ITD4,2008,145.9
ITD4,2009,135.2
ITD4,2010,155.5
ITD4,2011,206.2
ITD4,2012,225.0
ITD4,2013,253.5
ITD4,2014,161.2
ITD4,2015,148.6
ITD4,2016,158.6
ITD4,2017,116.4
ITD4,2018,127.0
ITD4,2019,127.6
ITD4,2020,148.4
ITD4,2021,158.1
ITD4,2022,85.7
ITD41,2004,210.6
ITD41,2005,204.1
ITD41,2006,280.0
ITD41,2007,272.4
ITD41,2008,326.5
ITD41,2009,290.5
ITD41,2010,364.0
ITD41,2011,510.3
ITD41,2012,588.5
ITD41,2013,712.6
ITD41,2014,352.9
ITD41,2015,275.6
ITD41,2016,337.2
ITD41,2017,240.2
ITD41,2018,257.1
ITD41,2019,233.1
ITD41,2020,275.0
ITD41,2021,254.6
ITD41,2022,151.9
ITD42,2004,83.5
ITD42,2005,86.2
ITD42,2006,120.5
ITD42,2007,117.1
ITD42,2008,99.6
ITD42,2009,82.5
ITD42,2010,102.8
ITD42,2011,129.6
ITD42,2012,91.6
ITD42,2013,92.6
ITD42,2014,101.2
ITD42,2015,107.1
ITD42,2016,101.8
ITD42,2017,85.4
ITD42,2018,106.8
ITD42,2019,102.0
ITD42,2020,124.4
ITD42,2021,143.7
ITD42,2022,75.2
ITD43,2004,64.5
ITD43,2005,67.0
ITD43,2006,83.9
ITD43,2007,118.0
ITD43,2008,79.6
ITD43,2009,94.3
ITD43,2010,70.1
ITD43,2011,66.7
ITD43,2012,84.0
ITD43,2013,57.8
ITD43,2014,47.8
ITD43,2015,66.5
ITD43,2016,58.2
ITD43,2017,24.5
ITD43,2018,21.0
ITD43,2019,56.5
ITD43,2020,43.5
ITD43,2021,48.2
ITD43,2022,47.1
ITD44,2004,83.8
ITD44,2005,46.7
ITD44,2006,69.0
ITD44,2007,73.2
ITD44,2008,55.8
ITD44,2009,75.4
ITD44,2010,51.2
ITD44,2011,61.1
ITD44,2012,131.5
ITD44,2013,126.5
ITD44,2014,111.1
ITD44,2015,123.3
ITD44,2016,110.9
ITD44,2017,77.2
ITD44,2018,62.0
ITD44,2019,86.9
ITD44,2020,95.9
ITD44,2021,126.6
ITD44,2022,43.7
ITD5,2004,173.4
ITD5,2005,186.4
ITD5,2006,192.0
ITD5,2007,206.0
ITD5,2008,182.8
ITD5,2009,150.1
ITD5,2010,158.8
ITD5,2011,165.8
ITD5,2012,174.8
ITD5,2013,176.0
ITD5,2014,162.2
ITD5,2015,167.8
ITD5,2016,198.5
ITD5,2017,184.8
ITD5,2018,196.8
ITD5,2019,202.5
ITD5,2020,207.9
ITD5,2021,212.6
ITD5,2022,175.8
ITD51,2004,108.2
ITD51,2005,92.4
ITD51,2006,96.5
ITD51,2007,103.8
ITD51,2008,104.0
ITD51,2009,68.2
ITD51,2010,55.8
ITD51,2011,97.2
ITD51,2012,74.9
ITD51,2013,91.3
ITD51,2014,90.2
ITD51,2015,74.8
ITD51,2016,90.1
ITD51,2017,63.3
ITD51,2018,43.7
ITD51,2019,39.8
ITD51,2020,82.7
ITD51,2021,67.3
ITD51,2022,86.1
ITD52,2004,169.0
ITD52,2005,184.2
ITD52,2006,169.1
ITD52,2007,221.1
ITD52,2008,211.0
ITD52,2009,194.6
ITD52,2010,193.4
ITD52,2011,167.1
ITD52,2012,233.7
ITD52,2013,252.9
ITD52,2014,225.9
ITD52,2015,198.5
ITD52,2016,242.6
ITD52,2017,180.2
ITD52,2018,211.8
ITD52,2019,244.6
ITD52,2020,187.3
ITD52,2021,221.7
ITD52,2022,148.6
ITD53,2004,154.6
ITD53,2005,184.6
ITD53,2006,204.1
ITD53,2007,199.3
ITD53,2008,160.5
ITD53,2009,134.5
ITD53,2010,158.3
ITD53,2011,150.0
ITD53,2012,200.2
ITD53,2013,177.2
ITD53,2014,148.5
ITD53,2015,182.7
ITD53,2016,188.6
ITD53,2017,183.6
ITD53,2018,242.6
ITD53,2019,254.4
ITD53,2020,234.7
ITD53,2021,166.7
ITD53,2022,156.6
ITD54,2004,218.4
ITD54,2005,220.8
ITD54,2006,182.1
ITD54,2007,246.8
ITD54,2008,194.0
ITD54,2009,185.1
ITD54,2010,213.1
ITD54,2011,222.4
ITD54,2012,182.6
ITD54,2013,204.3
ITD54,2014,203.4
ITD54,2015,164.8
ITD54,2016,229.2
ITD54,2017,219.6
ITD54,2018,193.7
ITD54,2019,275.3
ITD54,2020,249.7
ITD54,2021,289.2
ITD54,2022,263.9
ITD55,2004,301.9
ITD55,2005,330.3
ITD55,2006,329.1
ITD55,2007,335.7
ITD55,2008,303.0
ITD55,2009,215.5
ITD55,2010,226.4
ITD55,2011,231.2
ITD55,2012,233.5
ITD55,2013,233.3
ITD55,2014,212.3
ITD55,2015,251.9
ITD55,2016,314.2
ITD55,2017,306.5
ITD55,2018,308.0
ITD55,2019,287.2
ITD55,2020,313.4
ITD55,2021,321.9
ITD55,2022,254.2
ITD56,2004,116.4
ITD56,2005,148.0
ITD56,2006,167.2
ITD56,2007,161.0
ITD56,2008,148.8
ITD56,2009,98.0
ITD56,2010,155.4
ITD56,2011,162.1
ITD56,2012,215.9
ITD56,2013,197.7
ITD56,2014,132.4
ITD56,2015,122.6
ITD56,2016,136.9
ITD56,2017,152.7
ITD56,2018,136.5
ITD56,2019,128.2
ITD56,2020,129.7
ITD56,2021,162.5
ITD56,2022,125.7
ITD57,2004,87.8
ITD57,2005,88.1
ITD57,2006,135.4
ITD57,2007,101.7
ITD57,2008,86.3
ITD57,2009,107.2
ITD57,2010,74.4
ITD57,2011,85.8
ITD57,2012,100.2
ITD57,2013,90.1
ITD57,2014,99.4
ITD57,2015,123.5
ITD57,2016,121.3
ITD57,2017,120.0
ITD57,2018,77.2
ITD57,2019,82.5
ITD57,2020,99.7
ITD57,2021,97.5
ITD57,2022,90.0
ITD58,2004,51.9
ITD58,2005,63.2
ITD58,2006,87.6
ITD58,2007,92.0
ITD58,2008,103.5
ITD58,2009,95.5
ITD58,2010,85.8
ITD58,2011,117.4
ITD58,2012,116.3
ITD58,2013,119.3
ITD58,2014,129.9
ITD58,2015,136.7
ITD58,2016,146.0
ITD58,2017,129.7
ITD58,2018,193.2
ITD58,2019,117.3
ITD58,2020,135.1
ITD58,2021,130.4
ITD58,2022,103.8
ITD59,2004,86.5
ITD59,2005,68.7
ITD59,2006,110.9
ITD59,2007,116.6
ITD59,2008,109.9
ITD59,2009,91.3
ITD59,2010,77.2
ITD59,2011,89.4
ITD59,2012,64.0
ITD59,2013,59.1
ITD59,2014,68.1
ITD59,2015,73.6
ITD59,2016,51.6
ITD59,2017,30.2
ITD59,2018,111.1
ITD59,2019,108.7
ITD59,2020,182.6
ITD59,2021,183.0
ITD59,2022,132.1
ITDA,2004,48.7
ITDA,2005,64.6
ITDA,2006,75.2
ITDA,2007,81.6
ITDA,2008,89.5
ITDA,2009,96.3
ITDA,2010,89.0
ITDA,2011,108.3
ITDA,2012,104.8
ITDA,2013,95.4
ITDA,2014,101.5
ITDA,2015,103.9
ITDA,2016,111.6
ITDA,2017,125.8
ITDA,2018,91.4
ITDA,2019,119.8
ITDA,2020,128.9
ITDA,2021,125.4
ITDA,2022,87.6
ITE,2004,53.8
ITE,2006,62.1
ITE,2007,62.3
ITE,2008,62.3
ITE,2009,57.2
ITE,2010,64.9
ITE,2011,62.1
ITE,2012,59.3
ITE,2013,57.9
ITE,2014,58.0
ITE,2015,60.5
ITE,2016,62.7
ITE,2017,62.5
ITE,2018,59.7
ITE,2019,60.0
ITE,2020,61.0
ITE,2021,65.5
ITE,2022,53.9
ITE1,2004,81.4
ITE1,2005,85.0
ITE1,2006,86.2
ITE1,2007,82.9
ITE1,2008,85.9
ITE1,2009,82.4
ITE1,2010,105.1
ITE1,2011,86.0
ITE1,2012,86.1
ITE1,2013,87.1
ITE1,2014,93.3
ITE1,2015,94.6
ITE1,2016,102.6
ITE1,2017,100.6
ITE1,2018,88.9
ITE1,2019,93.3
ITE1,2020,89.5
ITE1,2021,82.1
ITE1,2022,82.3
ITE11,2004,14.6
ITE11,2005,40.7
ITE11,2006,34.2
ITE11,2007,26.6
ITE11,2008,24.4
ITE11,2009,20.8
ITE11,2010,35.1
ITE11,2011,29.6
ITE11,2012,43.5
ITE11,2013,23.8
ITE11,2014,24.5
ITE11,2015,27.2
ITE11,2016,55.9
ITE11,2017,35.4
ITE11,2018,31.9
ITE11,2019,37.9
ITE11,2020,44.9
ITE11,2021,49.0
ITE11,2022,48.8
ITE12,2004,152.1
ITE12,2005,101.7
ITE12,2006,109.6
ITE12,2007,131.4
ITE12,2008,113.8
ITE12,2009,86.6
ITE12,2010,86.9
ITE12,2011,52.0
ITE12,2012,77.0
ITE12,2013,57.5
ITE12,2014,64.9
ITE12,2015,108.1
ITE12,2016,88.1
ITE12,2017,127.5
ITE12,2018,113.2
ITE12,2019,123.6
ITE12,2020,92.8
ITE12,2021,107.8
ITE12,2022,113.7
ITE13,2004,69.0
ITE13,2005,49.8
ITE13,2006,31.9
ITE13,2007,54.1
ITE13,2008,42.4
ITE13,2009,30.1
ITE13,2010,39.3
ITE13,2011,45.3
ITE13,2012,53.5
ITE13,2013,49.4
ITE13,2014,50.5
ITE13,2015,57.0
ITE13,2016,57.5
ITE13,2017,63.7
ITE13,2018,59.2
ITE13,2019,48.4
ITE13,2020,47.0
ITE13,2021,62.7
ITE13,2022,64.3
ITE14,2004,90.7
ITE14,2005,86.9
ITE14,2006,69.2
ITE14,2007,89.7
ITE14,2008,77.6
ITE14,2009,77.3
ITE14,2010,89.7
ITE14,2011,104.1
ITE14,2012,109.5
ITE14,2013,106.5
ITE14,2014,103.3
ITE14,2015,98.2
ITE14,2016,124.6
ITE14,2017,95.6
ITE14,2018,75.3
ITE14,2019,82.4
ITE14,2020,91.0
ITE14,2021,84.8
ITE14,2022,88.5
ITE15,2004,85.2
ITE15,2005,39.6
ITE15,2006,52.6
ITE15,2007,37.2
ITE15,2008,38.6
ITE15,2009,38.5
ITE15,2010,35.5
ITE15,2011,69.0
ITE15,2012,33.3
ITE15,2013,37.3
ITE15,2014,39.8
ITE15,2015,26.1
ITE15,2016,53.7
ITE15,2017,39.3
ITE15,2018,30.2
ITE15,2019,54.2
ITE15,2020,47.5
ITE15,2021,44.1
ITE15,2022,24.4
ITE16,2004,45.0
ITE16,2005,92.1
ITE16,2006,105.0
ITE16,2007,60.6
ITE16,2008,95.2
ITE16,2009,88.8
ITE16,2010,102.5
ITE16,2011,99.3
ITE16,2012,105.7
ITE16,2013,117.0
ITE16,2014,95.4
ITE16,2015,62.9
ITE16,2016,79.0
ITE16,2017,58.7
ITE16,2018,70.0
ITE16,2019,49.0
ITE16,2020,42.8
ITE16,2021,24.0
ITE16,2022,26.0
ITE17,2004,112.5
ITE17,2005,132.1
ITE17,2006,144.3
ITE17,2007,131.2
ITE17,2008,177.0
ITE17,2009,161.6
ITE17,2010,145.6
ITE17,2011,159.9
ITE17,2012,151.0
ITE17,2013,170.8
ITE17,2014,223.6
ITE17,2015,239.2
ITE17,2016,268.5
ITE17,2017,250.6
ITE17,2018,252.1
ITE17,2019,246.2
ITE17,2020,221.7
ITE17,2021,184.2
ITE17,2022,214.4
ITE18,2004,39.5
ITE18,2005,66.2
ITE18,2006,49.4
ITE18,2007,82.8
ITE18,2008,68.9
ITE18,2009,73.7
ITE18,2010,50.3
ITE18,2011,63.1
ITE18,2012,37.4
ITE18,2013,67.8
ITE18,2014,99.0
ITE18,2015,90.8
ITE18,2016,70.4
ITE18,2017,77.7
ITE18,2018,71.5
ITE18,2019,77.3
ITE18,2020,97.6
ITE18,2021,69.2
ITE18,2022,42.4
ITE19,2004,112.5
ITE19,2005,156.6
ITE19,2006,240.7
ITE19,2007,110.2
ITE19,2008,134.8
ITE19,2009,170.6
ITE19,2010,445.1
ITE19,2011,132.3
ITE19,2012,132.8
ITE19,2013,110.7
ITE19,2014,76.1
ITE19,2015,92.3
ITE19,2016,63.3
ITE19,2017,147.0
ITE19,2018,82.8
ITE19,2019,100.7
ITE19,2020,106.3
ITE19,2021,97.4
ITE19,2022,73.9
ITE1A,2004,15.5
ITE1A,2005,29.2
ITE1A,2006,12.9
ITE1A,2007,20.2
ITE1A,2008,25.3
ITE1A,2009,21.9
ITE1A,2010,35.1
ITE1A,2011,12.4
ITE1A,2012,7.5
ITE1A,2013,15.5
ITE1A,2014,41.3
ITE1A,2015,25.4
ITE1A,2016,4.5
ITE1A,2017,10.3
ITE1A,2018,19.0
ITE1A,2019,36.3
ITE1A,2020,8.6
ITE1A,2021,17.9
ITE1A,2022,22.1
ITE2,2004,42.2
ITE2,2005,41.3
ITE2,2006,58.2
ITE2,2007,52.0
ITE2,2008,53.7
ITE2,2009,44.8
ITE2,2010,37.2
ITE2,2011,37.7
ITE2,2012,36.9
ITE2,2013,56.6
ITE2,2014,39.9
ITE2,2015,44.4
ITE2,2016,44.2
ITE2,2017,46.0
ITE2,2018,37.9
ITE2,2019,44.3
ITE2,2020,45.6
ITE2,2021,54.5
ITE2,2022,53.4
ITE21,2004,53.4
ITE21,2005,53.3
ITE21,2006,70.5
ITE21,2007,66.0
ITE21,2008,66.7
ITE21,2009,51.2
ITE21,2010,43.8
ITE21,2011,48.7
ITE21,2012,45.0
ITE21,2013,63.0
ITE21,2014,41.3
ITE21,2015,46.1
ITE21,2016,53.4
ITE21,2017,56.3
ITE21,2018,46.0
ITE21,2019,52.1
ITE21,2020,56.1
ITE21,2021,57.6
ITE21,2022,55.0
ITE22,2004,10.8
ITE22,2005,7.6
ITE22,2006,23.6
ITE22,2007,12.0
ITE22,2008,16.3
ITE22,2009,26.7
ITE22,2010,18.3
ITE22,2011,6.5
ITE22,2012,13.5
ITE22,2013,38.6
ITE22,2014,36.0
ITE22,2015,39.2
ITE22,2016,18.0
ITE22,2017,16.3
ITE22,2018,14.6
ITE22,2019,21.3
ITE22,2020,15.7
ITE22,2021,45.0
ITE22,2022,49.0
ITE3,2004,50.7
ITE3,2005,65.4
ITE3,2006,62.7
ITE3,2007,85.1
ITE3,2008,82.8
ITE3,2009,71.7
ITE3,2010,96.2
ITE3,2011,95.7
ITE3,2012,84.3
ITE3,2013,76.9
ITE3,2014,77.1
ITE3,2015,89.7
ITE3,2016,79.7
ITE3,2017,78.6
ITE3,2018,66.8
ITE3,2019,74.1
ITE3,2020,74.0
ITE3,2021,77.9
ITE3,2022,61.8
ITE31,2004,48.6
ITE31,2005,63.5
ITE31,2006,53.2
ITE31,2007,93.4
ITE31,2008,79.0
ITE31,2009,76.7
ITE31,2010,105.5
ITE31,2011,91.2
ITE31,2012,88.4
ITE31,2013,71.7
ITE31,2014,84.6
ITE31,2015,101.9
ITE31,2016,76.9
ITE31,2017,100.5
ITE31,2018,81.9
ITE31,2019,99.7
ITE31,2020,62.6
ITE31,2021,122.9
ITE31,2022,78.6
ITE32,2004,70.1
ITE32,2005,79.8
ITE32,2006,76.5
ITE32,2007,124.0
ITE32,2008,99.1
ITE32,2009,105.7
ITE32,2010,147.7
ITE32,2011,161.3
ITE32,2012,129.4
ITE32,2013,135.8
ITE32,2014,88.8
ITE32,2015,134.8
ITE32,2016,113.4
ITE32,2017,92.4
ITE32,2018,81.0
ITE32,2019,78.9
ITE32,2020,101.0
ITE32,2021,78.8
ITE32,2022,88.8
ITE33,2004,59.4
ITE33,2005,81.8
ITE33,2006,83.6
ITE33,2007,81.8
ITE33,2008,97.9
ITE33,2009,37.3
ITE33,2010,65.1
ITE33,2011,62.2
ITE33,2012,40.5
ITE33,2013,42.9
ITE33,2014,81.2
ITE33,2015,51.7
ITE33,2016,65.8
ITE33,2017,46.6
ITE33,2018,52.7
ITE33,2019,32.3
ITE33,2020,51.8
ITE33,2021,50.1
ITE33,2022,30.2
ITE34,2004,40.4
ITE34,2005,66.2
ITE34,2006,67.3
ITE34,2007,55.1
ITE34,2008,96.1
ITE34,2009,98.4
ITE34,2010,91.5
ITE34,2011,70.8
ITE34,2012,73.2
ITE34,2013,40.1
ITE34,2014,68.5
ITE34,2015,36.5
ITE34,2016,56.2
ITE34,2017,73.5
ITE34,2018,61.9
ITE34,2019,69.5
ITE34,2020,64.5
ITE34,2021,48.7
ITE34,2022,23.2
ITE4,2004,37.7
ITE4,2005,46.1
ITE4,2006,46.2
ITE4,2007,43.6
ITE4,2008,41.9
ITE4,2009,38.2
ITE4,2010,33.6
ITE4,2011,40.7
ITE4,2012,38.1
ITE4,2013,33.7
ITE4,2014,32.5
ITE4,2015,32.9
ITE4,2016,35.1
ITE4,2017,36.3
ITE4,2018,42.4
ITE4,2019,37.3
ITE4,2020,41.6
ITE4,2021,53.2
ITE4,2022,33.8
ITE41,2004,14.3
ITE41,2005,15.1
ITE41,2006,21.0
ITE41,2007,14.9
ITE41,2008,10.8
ITE41,2009,14.1
ITE41,2010,14.7
ITE41,2011,14.9
ITE41,2012,9.5
ITE41,2013,8.8
ITE41,2014,13.5
ITE41,2015,15.8
ITE41,2016,7.0
ITE41,2017,5.4
ITE41,2018,15.3
ITE41,2019,6.4
ITE41,2020,26.8
ITE41,2021,18.8
ITE41,2022,8.1
ITE42,2004,3.3
ITE42,2005,29.9
ITE42,2006,15.1
ITE42,2007,12.5
ITE42,2008,11.0
ITE42,2009,11.5
ITE42,2010,25.4
ITE42,2011,19.1
ITE42,2012,27.3
ITE42,2013,19.0
ITE42,2014,36.1
ITE42,2015,6.4
ITE42,2016,41.4
ITE42,2017,39.8
ITE42,2018,14.9
ITE42,2019,37.1
ITE42,2020,16.4
ITE42,2021,11.9
ITE42,2022,3.3
ITE43,2004,43.4
ITE43,2005,55.2
ITE43,2006,52.7
ITE43,2007,52.0
ITE43,2008,52.0
ITE43,2009,47.3
ITE43,2010,39.6
ITE43,2011,48.3
ITE43,2012,46.8
ITE43,2013,41.8
ITE43,2014,36.0
ITE43,2015,39.9
ITE43,2016,41.8
ITE43,2017,43.6
ITE43,2018,50.3
ITE43,2019,44.9
ITE43,2020,50.0
ITE43,2021,63.6
ITE43,2022,40.7
ITE44,2004,31.1
ITE44,2005,17.9
ITE44,2006,31.0
ITE44,2007,23.6
ITE44,2008,17.9
ITE44,2009,17.2
ITE44,2010,12.6
ITE44,2011,22.3
ITE44,2012,12.7
ITE44,2013,11.3
ITE44,2014,20.2
ITE44,2015,11.7
ITE44,2016,11.2
ITE44,2017,16.5
ITE44,2018,17.7
ITE44,2019,12.8
ITE44,2020,19.4
ITE44,2021,36.2
ITE44,2022,22.2
ITE45,2004,25.1
ITE45,2005,28.3
ITE45,2006,36.0
ITE45,2007,25.8
ITE45,2008,16.2
ITE45,2009,11.9
ITE45,2010,22.2
ITE45,2011,21.8
ITE45,2012,16.7
ITE45,2013,11.7
ITE45,2014,28.0
ITE45,2015,16.5
ITE45,2016,20.7
ITE45,2017,14.8
ITE45,2018,28.4
ITE45,2019,18.3
ITE45,2020,10.9
ITE45,2021,16.1
ITE45,2022,12.1
ITF,2004,14.6
ITF,2006,16.3
ITF,2007,16.7
ITF,2008,16.2
ITF,2009,15.7
ITF,2010,15.6
ITF,2011,14.1
ITF,2012,12.6
ITF,2013,13.8
ITF,2014,14.3
ITF,2015,14.8
ITF,2016,15.2
ITF,2017,16.6
ITF,2018,19.0
ITF,2019,19.9
ITF,2020,22.2
ITF,2021,31.1
ITF,2022,18.4
ITF1,2004,46.1
ITF1,2005,43.6
ITF1,2006,34.0
ITF1,2007,53.5
ITF1,2008,40.6
ITF1,2009,36.9
ITF1,2010,39.4
ITF1,2011,27.8
ITF1,2012,33.2
ITF1,2013,24.5
ITF1,2014,30.2
ITF1,2015,32.1
ITF1,2016,38.6
ITF1,2017,47.8
ITF1,2018,39.4
ITF1,2019,43.3
ITF1,2020,52.5
ITF1,2021,118.8
ITF1,2022,42.5
ITF11,2004,44.9
ITF11,2005,34.7
ITF11,2006,32.3
ITF11,2007,27.7
ITF11,2008,36.0
ITF11,2009,34.3
ITF11,2010,23.2
ITF11,2011,21.9
ITF11,2012,29.4
ITF11,2013,12.4
ITF11,2014,40.6
ITF11,2015,45.7
ITF11,2016,44.0
ITF11,2017,47.9
ITF11,2018,42.5
ITF11,2019,59.5
ITF11,2020,50.2
ITF11,2021,47.5
ITF11,2022,40.5
ITF12,2004,26.3
ITF12,2005,25.7
ITF12,2006,30.9
ITF12,2007,46.0
ITF12,2008,28.0
ITF12,2009,16.9
ITF12,2010,42.7
ITF12,2011,21.3
ITF12,2012,23.5
ITF12,2013,35.4
ITF12,2014,11.3
ITF12,2015,33.3
ITF12,2016,47.4
ITF12,2017,39.3
ITF12,2018,27.1
ITF12,2019,48.2
ITF12,2020,36.5
ITF12,2021,43.8
ITF12,2022,59.4
ITF13,2004,69.6
ITF13,2005,57.1
ITF13,2006,42.3
ITF13,2007,77.1
ITF13,2008,43.2
ITF13,2009,47.5
ITF13,2010,53.1
ITF13,2011,35.6
ITF13,2012,55.1
ITF13,2013,26.7
ITF13,2014,30.4
ITF13,2015,25.5
ITF13,2016,37.4
ITF13,2017,65.0
ITF13,2018,41.2
ITF13,2019,38.4
ITF13,2020,73.3
ITF13,2021,54.2
ITF13,2022,31.2
ITF14,2004,44.2
ITF14,2005,53.3
ITF14,2006,31.0
ITF14,2007,60.8
ITF14,2008,51.8
ITF14,2009,46.4
ITF14,2010,37.9
ITF14,2011,30.8
ITF14,2012,25.9
ITF14,2013,23.9
ITF14,2014,37.3
ITF14,2015,26.1
ITF14,2016,28.4
ITF14,2017,40.2
ITF14,2018,45.2
ITF14,2019,30.5
ITF14,2020,49.4
ITF14,2021,288.4
ITF14,2022,39.6
ITF2,2004,4.1
ITF2,2005,5.6
ITF2,2006,7.2
ITF2,2007,0.3
ITF2,2008,7.2
ITF2,2009,2.2
ITF2,2010,5.7
ITF2,2011,4.8
ITF2,2012,10.5
ITF2,2013,3.5
ITF2,2014,12.1
ITF2,2015,15.4
ITF2,2016,7.1
ITF2,2017,8.1
ITF2,2018,28.4
ITF2,2019,31.6
ITF2,2020,14.6
ITF2,2021,8.8
ITF2,2022,14.4
ITF21,2004,11.2
ITF21,2005,0.0
ITF21,2006,5.6
ITF21,2007,1.1
ITF21,2008,22.6
ITF21,2009,3.4
ITF21,2010,17.1
ITF21,2011,2.3
ITF21,2012,4.6
ITF21,2013,3.4
ITF21,2014,5.8
ITF21,2015,11.6
ITF21,2016,0.0
ITF21,2017,3.5
ITF21,2018,25.9
ITF21,2019,58.3
ITF21,2020,4.8
ITF21,2021,20.9
ITF21,2022,19.9
ITF22,2004,1.3
ITF22,2005,7.8
ITF22,2006,7.8
ITF22,2007,0.0
ITF22,2008,1.3
ITF22,2009,1.3
ITF22,2010,1.3
ITF22,2011,5.7
ITF22,2012,13.2
ITF22,2013,3.5
ITF22,2014,14.6
ITF22,2015,16.9
ITF22,2016,9.8
ITF22,2017,9.4
ITF22,2018,29.3
ITF22,2019,21.4
ITF22,2020,18.4
ITF22,2021,4.2
ITF22,2022,12.3
ITF3,2004,12.8
ITF3,2005,15.9
ITF3,2006,17.6
ITF3,2007,14.6
ITF3,2008,16.1
ITF3,2009,17.0
ITF3,2010,16.3
ITF3,2011,11.9
ITF3,2012,10.4
ITF3,2013,12.4
ITF3,2014,13.7
ITF3,2015,13.0
ITF3,2016,14.1
ITF3,2017,13.4
ITF3,2018,19.7
ITF3,2019,20.5
ITF3,2020,23.2
ITF3,2021,25.8
ITF3,2022,17.5
ITF31,2004,14.3
ITF31,2005,13.5
ITF31,2006,16.6
ITF31,2007,11.3
ITF31,2008,9.0
ITF31,2009,10.3
ITF31,2010,12.7
ITF31,2011,11.9
ITF31,2012,6.5
ITF31,2013,7.7
ITF31,2014,11.0
ITF31,2015,18.6
ITF31,2016,13.8
ITF31,2017,10.6
ITF31,2018,7.1
ITF31,2019,15.5
ITF31,2020,18.8
ITF31,2021,13.6
ITF31,2022,10.2
ITF32,2004,7.7
ITF32,2005,2.8
ITF32,2006,17.7
ITF32,2007,19.5
ITF32,2008,5.9
ITF32,2009,3.5
ITF32,2010,8.0
ITF32,2011,3.8
ITF32,2012,13.3
ITF32,2013,12.3
ITF32,2014,6.4
ITF32,2015,9.9
ITF32,2016,6.4
ITF32,2017,5.7
ITF32,2018,4.3
ITF32,2019,32.0
ITF32,2020,11.8
ITF32,2021,8.2
ITF32,2022,24.9
ITF33,2004,13.8
ITF33,2005,14.8
ITF33,2006,20.0
ITF33,2007,15.7
ITF33,2008,17.7
ITF33,2009,19.0
ITF33,2010,18.6
ITF33,2011,12.9
ITF33,2012,11.6
ITF33,2013,13.6
ITF33,2014,14.4
ITF33,2015,11.1
ITF33,2016,11.6
ITF33,2017,14.9
ITF33,2018,24.1
ITF33,2019,22.6
ITF33,2020,27.9
ITF33,2021,31.1
ITF33,2022,17.9
ITF34,2004,6.2
ITF34,2005,23.2
ITF34,2006,13.8
ITF34,2007,9.9
ITF34,2008,4.8
ITF34,2009,14.2
ITF34,2010,12.1
ITF34,2011,10.1
ITF34,2012,8.3
ITF34,2013,15.2
ITF34,2014,14.9
ITF34,2015,11.2
ITF34,2016,12.8
ITF34,2017,9.0
ITF34,2018,15.8
ITF34,2019,12.3
ITF34,2020,18.8
ITF34,2021,16.4
ITF34,2022,20.2
ITF35,2004,12.8
ITF35,2005,21.2
ITF35,2006,13.4
ITF35,2007,14.7
ITF35,2008,24.8
ITF35,2009,21.5
ITF35,2010,16.4
ITF35,2011,12.2
ITF35,2012,10.1
ITF35,2013,11.9
ITF35,2014,15.4
ITF35,2015,15.2
ITF35,2016,24.0
ITF35,2017,15.2
ITF35,2018,23.7
ITF35,2019,19.1
ITF35,2020,18.1
ITF35,2021,29.2
ITF35,2022,19.7
ITF4,2004,13.8
ITF4,2005,14.4
ITF4,2006,14.3
ITF4,2007,14.3
ITF4,2008,14.5
ITF4,2009,13.9
ITF4,2010,12.9
ITF4,2011,18.0
ITF4,2012,12.7
ITF4,2013,15.3
ITF4,2014,15.2
ITF4,2015,15.5
ITF4,2016,13.6
ITF4,2017,16.8
ITF4,2018,17.1
ITF4,2019,15.8
ITF4,2020,18.6
ITF4,2021,23.8
ITF4,2022,19.5
ITF41,2004,8.7
ITF41,2005,15.2
ITF41,2006,7.9
ITF41,2007,8.1
ITF41,2008,9.5
ITF41,2009,9.2
ITF41,2010,4.8
ITF41,2011,12.3
ITF41,2012,10.5
ITF41,2013,6.8
ITF41,2014,6.0
ITF41,2015,12.2
ITF41,2016,12.5
ITF41,2017,10.1
ITF41,2018,5.0
ITF41,2019,11.4
ITF41,2020,3.3
ITF41,2021,7.1
ITF41,2022,6.3
ITF42,2004,27.3
ITF42,2005,25.9
ITF42,2006,28.1
ITF42,2007,23.5
ITF42,2008,23.8
ITF42,2009,24.7
ITF42,2010,22.6
ITF42,2011,27.4
ITF42,2012,23.3
ITF42,2013,26.9
ITF42,2014,28.8
ITF42,2015,29.8
ITF42,2016,22.2
ITF42,2017,20.8
ITF42,2018,30.1
ITF42,2019,22.8
ITF42,2020,26.4
ITF42,2021,31.1
ITF42,2022,27.5
ITF43,2004,8.6
ITF43,2005,8.6
ITF43,2006,8.7
ITF43,2007,13.9
ITF43,2008,7.5
ITF43,2009,5.6
ITF43,2010,12.2
ITF43,2011,8.2
ITF43,2012,0.5
ITF43,2013,5.5
ITF43,2014,7.9
ITF43,2015,7.2
ITF43,2016,5.5
ITF43,2017,13.4
ITF43,2018,6.5
ITF43,2019,16.9
ITF43,2020,11.0
ITF43,2021,24.0
ITF43,2022,8.4
ITF44,2004,12.0
ITF44,2005,3.7
ITF44,2006,8.7
ITF44,2007,9.7
ITF44,2008,8.7
ITF44,2009,8.9
ITF44,2010,6.9
ITF44,2011,15.3
ITF44,2012,6.2
ITF44,2013,5.0
ITF44,2014,5.0
ITF44,2015,5.0
ITF44,2016,4.5
ITF44,2017,16.0
ITF44,2018,6.7
ITF44,2019,9.0
ITF44,2020,20.2
ITF44,2021,5.8
ITF44,2022,7.3
ITF45,2004,9.0
ITF45,2005,12.3
ITF45,2006,11.7
ITF45,2007,13.4
ITF45,2008,19.4
ITF45,2009,16.5
ITF45,2010,13.9
ITF45,2011,23.2
ITF45,2012,15.6
ITF45,2013,23.3
ITF45,2014,15.2
ITF45,2015,11.4
ITF45,2016,12.9
ITF45,2017,22.0
ITF45,2018,20.1
ITF45,2019,12.8
ITF45,2020,27.7
ITF45,2021,40.2
ITF45,2022,38.2
ITF5,2004,9.1
ITF5,2005,6.1
ITF5,2006,12.2
ITF5,2007,8.4
ITF5,2008,13.1
ITF5,2009,11.3
ITF5,2010,13.7
ITF5,2011,9.0
ITF5,2012,7.2
ITF5,2013,9.2
ITF5,2014,4.3
ITF5,2015,12.9
ITF5,2016,9.3
ITF5,2017,4.2
ITF5,2018,6.0
ITF5,2019,8.6
ITF5,2020,16.4
ITF5,2021,8.4
ITF5,2022,7.9
ITF51,2004,7.4
ITF51,2005,6.4
ITF51,2006,12.1
ITF51,2007,5.2
ITF51,2008,14.6
ITF51,2009,13.3
ITF51,2010,13.1
ITF51,2011,6.6
ITF51,2012,8.7
ITF51,2013,14.1
ITF51,2014,2.1
ITF51,2015,7.8
ITF51,2016,8.6
ITF51,2017,3.5
ITF51,2018,6.3
ITF51,2019,5.5
ITF51,2020,7.8
ITF51,2021,3.7
ITF51,2022,3.4
ITF52,2004,12.3
ITF52,2005,5.4
ITF52,2006,12.4
ITF52,2007,14.9
ITF52,2008,10.4
ITF52,2009,7.5
ITF52,2010,14.9
ITF52,2011,13.4
ITF52,2012,5.0
ITF52,2013,0.0
ITF52,2014,8.5
ITF52,2015,23.0
ITF52,2016,10.6
ITF52,2017,5.6
ITF52,2018,5.1
ITF52,2019,14.3
ITF52,2020,32.3
ITF52,2021,17.1
ITF52,2022,16.2
ITF6,2004,4.3
ITF6,2005,9.0
ITF6,2006,7.4
ITF6,2007,8.6
ITF6,2008,6.4
ITF6,2009,4.6
ITF6,2010,5.6
ITF6,2011,6.5
ITF6,2012,7.2
ITF6,2013,10.7
ITF6,2014,6.6
ITF6,2015,7.6
ITF6,2016,9.1
ITF6,2017,9.3
ITF6,2018,9.2
ITF6,2019,11.9
ITF6,2020,8.9
ITF6,2021,12.1
ITF6,2022,5.7
ITF61,2004,8.9
ITF61,2005,7.6
ITF61,2006,6.6
ITF61,2007,14.8
ITF61,2008,6.9
ITF61,2009,4.2
ITF61,2010,7.1
ITF61,2011,4.6
ITF61,2012,7.7
ITF61,2013,11.0
ITF61,2014,1.5
ITF61,2015,8.9
ITF61,2016,8.2
ITF61,2017,11.4
ITF61,2018,7.4
ITF61,2019,18.0
ITF61,2020,13.5
ITF61,2021,9.6
ITF61,2022,4.0
ITF62,2004,0.0
ITF62,2005,0.0
ITF62,2006,1.8
ITF62,2007,1.8
ITF62,2008,2.3
ITF62,2009,1.8
ITF62,2010,0.0
ITF62,2011,0.6
ITF62,2012,5.8
ITF62,2013,0.0
ITF62,2014,0.0
ITF62,2015,5.8
ITF62,2016,5.8
ITF62,2017,1.2
ITF62,2018,5.8
ITF62,2019,4.7
ITF62,2020,0.6
ITF62,2021,3.0
ITF62,2022,6.1
ITF63,2004,0.0
ITF63,2005,14.0
ITF63,2006,6.9
ITF63,2007,2.5
ITF63,2008,9.9
ITF63,2009,5.0
ITF63,2010,9.7
ITF63,2011,10.8
ITF63,2012,15.8
ITF63,2013,26.0
ITF63,2014,17.8
ITF63,2015,20.6
ITF63,2016,15.4
ITF63,2017,17.7
ITF63,2018,17.5
ITF63,2019,17.3
ITF63,2020,16.6
ITF63,2021,27.9
ITF63,2022,16.3
ITF64,2004,7.7
ITF64,2005,7.1
ITF64,2006,3.0
ITF64,2007,6.6
ITF64,2008,6.0
ITF64,2009,13.9
ITF64,2010,6.1
ITF64,2011,9.7
ITF64,2012,0.0
ITF64,2013,0.0
ITF64,2014,18.6
ITF64,2015,1.2
ITF64,2016,0.0
ITF64,2017,6.3
ITF64,2018,0.0
ITF64,2019,0.0
ITF64,2020,0.0
ITF64,2021,0.0
ITF64,2022,2.0
ITF65,2004,1.6
ITF65,2005,11.1
ITF65,2006,12.0
ITF65,2007,7.4
ITF65,2008,4.8
ITF65,2009,2.9
ITF65,2010,2.5
ITF65,2011,7.0
ITF65,2012,3.6
ITF65,2013,6.5
ITF65,2014,4.2
ITF65,2015,0.2
ITF65,2016,10.1
ITF65,2017,4.8
ITF65,2018,9.6
ITF65,2019,6.3
ITF65,2020,3.0
ITF65,2021,11.5
ITF65,2022,1.9
ITFG,2004,13.9
ITFG,2006,15.0
ITFG,2007,14.3
ITFG,2008,14.6
ITFG,2009,13.9
ITFG,2010,14.0
ITFG,2011,12.9
ITFG,2012,10.7
ITFG,2013,11.4
ITFG,2014,12.2
ITFG,2015,13.7
ITFG,2016,13.0
ITFG,2017,14.6
ITFG,2018,16.7
ITFG,2019,17.6
ITFG,2020,19.3
ITFG,2021,25.9
ITFG,2022,16.9
ITG,2004,12.4
ITG,2006,12.3
ITG,2007,9.3
ITG,2008,11.2
ITG,2009,10.1
ITG,2010,10.6
ITG,2011,10.2
ITG,2012,6.5
ITG,2013,6.2
ITG,2014,7.8
ITG,2015,11.4
ITG,2016,8.3
ITG,2017,10.5
ITG,2018,12.0
ITG,2019,12.8
ITG,2020,13.3
ITG,2021,15.0
ITG,2022,13.9
ITG1,2004,13.6
ITG1,2005,16.8
ITG1,2006,12.6
ITG1,2007,9.7
ITG1,2008,9.4
ITG1,2009,9.4
ITG1,2010,10.4
ITG1,2011,10.3
ITG1,2012,5.8
ITG1,2013,5.6
ITG1,2014,7.3
ITG1,2015,11.0
ITG1,2016,8.6
ITG1,2017,11.2
ITG1,2018,11.0
ITG1,2019,12.8
ITG1,2020,14.5
ITG1,2021,17.2
ITG1,2022,15.6
ITG11,2004,3.7
ITG11,2005,5.8
ITG11,2006,7.0
ITG11,2007,2.3
ITG11,2008,2.3
ITG11,2009,2.3
ITG11,2010,4.8
ITG11,2011,4.6
ITG11,2012,2.3
ITG11,2013,5.3
ITG11,2014,3.0
ITG11,2015,1.8
ITG11,2016,3.2
ITG11,2017,3.7
ITG11,2018,3.5
ITG11,2019,2.6
ITG11,2020,7.4
ITG11,2021,4.3
ITG11,2022,5.3
ITG12,2004,10.7
ITG12,2005,11.2
ITG12,2006,3.8
ITG12,2007,7.9
ITG12,2008,7.2
ITG12,2009,6.9
ITG12,2010,5.6
ITG12,2011,3.5
ITG12,2012,1.1
ITG12,2013,6.4
ITG12,2014,4.7
ITG12,2015,5.9
ITG12,2016,7.9
ITG12,2017,3.5
ITG12,2018,10.1
ITG12,2019,7.6
ITG12,2020,7.9
ITG12,2021,6.5
ITG12,2022,9.6
ITG13,2004,12.0
ITG13,2005,17.5
ITG13,2006,11.0
ITG13,2007,11.5
ITG13,2008,3.7
ITG13,2009,7.9
ITG13,2010,8.6
ITG13,2011,16.0
ITG13,2012,6.1
ITG13,2013,4.2
ITG13,2014,14.4
ITG13,2015,6.2
ITG13,2016,8.7
ITG13,2017,13.0
ITG13,2018,7.0
ITG13,2019,14.5
ITG13,2020,33.4
ITG13,2021,14.1
ITG13,2022,6.8
ITG14,2004,6.7
ITG14,2005,3.6
ITG14,2006,4.5
ITG14,2007,7.4
ITG14,2008,5.3
ITG14,2009,0.7
ITG14,2010,3.8
ITG14,2011,5.1
ITG14,2012,2.4
ITG14,2013,0.0
ITG14,2014,3.4
ITG14,2015,3.1
ITG14,2016,0.0
ITG14,2017,0.7
ITG14,2018,2.3
ITG14,2019,2.6
ITG14,2020,3.5
ITG14,2021,1.0
ITG14,2022,5.8
ITG15,2004,9.9
ITG15,2005,9.9
ITG15,2006,2.6
ITG15,2007,1.1
ITG15,2008,8.4
ITG15,2009,21.2
ITG15,2010,5.1
ITG15,2011,4.0
ITG15,2012,4.0
ITG15,2013,1.1
ITG15,2014,3.7
ITG15,2015,13.7
ITG15,2016,11.2
ITG15,2017,16.5
ITG15,2018,19.0
ITG15,2019,3.9
ITG15,2020,3.9
ITG15,2021,2.8
ITG15,2022,11.5
ITG16,2004,8.0
ITG16,2005,5.7
ITG16,2006,8.6
ITG16,2007,13.2
ITG16,2008,5.7
ITG16,2009,0.0
ITG16,2010,4.0
ITG16,2011,11.4
ITG16,2012,0.0
ITG16,2013,0.0
ITG16,2014,1.7
ITG16,2015,0.0
ITG16,2016,0.0
ITG16,2017,3.0
ITG16,2018,6.1
ITG16,2019,1.8
ITG16,2020,0.0
ITG16,2021,0.0
ITG16,2022,3.2
ITG17,2004,32.9
ITG17,2005,43.3
ITG17,2006,34.1
ITG17,2007,17.9
ITG17,2008,22.5
ITG17,2009,23.1
ITG17,2010,28.2
ITG17,2011,20.2
ITG17,2012,16.4
ITG17,2013,8.7
ITG17,2014,12.2
ITG17,2015,30.9
ITG17,2016,20.1
ITG17,2017,29.2
ITG17,2018,22.8
ITG17,2019,30.8
ITG17,2020,26.7
ITG17,2021,49.7
ITG17,2022,40.9
ITG18,2004,0.7
ITG18,2005,4.0
ITG18,2006,14.2
ITG18,2007,6.6
ITG18,2008,1.0
ITG18,2009,1.6
ITG18,2010,4.8
ITG18,2011,13.0
ITG18,2012,5.4
ITG18,2013,4.1
ITG18,2014,4.1
ITG18,2015,7.3
ITG18,2016,0.0
ITG18,2017,0.0
ITG18,2018,6.3
ITG18,2019,3.2
ITG18,2020,3.2
ITG18,2021,3.2
ITG18,2022,1.9
ITG19,2004,7.3
ITG19,2005,9.1
ITG19,2006,7.5
ITG19,2007,7.5
ITG19,2008,10.5
ITG19,2009,2.0
ITG19,2010,4.0
ITG19,2011,8.4
ITG19,2012,3.0
ITG19,2013,9.4
ITG19,2014,6.9
ITG19,2015,5.5
ITG19,2016,3.3
ITG19,2017,11.6
ITG19,2018,5.3
ITG19,2019,18.4
ITG19,2020,13.4
ITG19,2021,24.6
ITG19,2022,18.1
ITG2,2004,8.8
ITG2,2005,11.4
ITG2,2006,11.4
ITG2,2007,7.9
ITG2,2008,16.8
ITG2,2009,12.3
ITG2,2010,11.3
ITG2,2011,9.8
ITG2,2012,8.6
ITG2,2013,8.3
ITG2,2014,9.4
ITG2,2015,12.4
ITG2,2016,7.6
ITG2,2017,8.6
ITG2,2018,14.9
ITG2,2019,12.8
ITG2,2020,9.9
ITG2,2021,8.3
ITG2,2022,8.6
ITG25,2004,10.3
ITG25,2005,14.1
ITG25,2006,14.7
ITG25,2007,11.6
ITG25,2008,22.2
ITG25,2009,10.4
ITG25,2010,10.1
ITG25,2011,10.1
ITG25,2012,10.7
ITG25,2013,9.4
ITG25,2014,8.8
ITG25,2015,12.9
ITG25,2016,9.2
ITG25,2017,6.6
ITG25,2018,12.7
ITG25,2019,14.0
ITG25,2020,7.8
ITG25,2021,10.1
ITG25,2022,10.5
ITG26,2004,5.9
ITG26,2005,0.0
ITG26,2006,14.2
ITG26,2007,1.4
ITG26,2008,10.6
ITG26,2009,10.1
ITG26,2010,9.7
ITG26,2011,3.7
ITG26,2012,0.0
ITG26,2013,13.9
ITG26,2014,0.5
ITG26,2015,5.6
ITG26,2016,1.4
ITG26,2017,8.1
ITG26,2018,8.6
ITG26,2019,0.0
ITG26,2020,7.8
ITG26,2021,4.0
ITG26,2022,11.0
ITG27,2004,10.1
ITG27,2005,21.3
ITG27,2006,10.0
ITG27,2007,8.8
ITG27,2008,24.2
ITG27,2009,23.4
ITG27,2010,15.6
ITG27,2011,17.2
ITG27,2012,13.6
ITG27,2013,7.7
ITG27,2014,12.4
ITG27,2015,22.5
ITG27,2016,12.9
ITG27,2017,17.6
ITG27,2018,25.2
ITG27,2019,27.6
ITG27,2020,19.4
ITG27,2021,9.5
ITG27,2022,11.4
ITG28,2004,10.8
ITG28,2005,6.6
ITG28,2006,2.4
ITG28,2007,9.0
ITG28,2008,3.0
ITG28,2009,6.1
ITG28,2010,12.1
ITG28,2011,12.8
ITG28,2012,7.9
ITG28,2013,10.4
ITG28,2014,15.4
ITG28,2015,6.2
ITG28,2016,0.0
ITG28,2017,6.9
ITG28,2018,6.3
ITG28,2019,1.9
ITG28,2020,0.6
ITG28,2021,16.4
ITG28,2022,2.0
