area_code,frequency,year,income,measure_code,institutional_sector,edition
IT,A,2001,844951.6,B6N_B_W0,S14,2025M12
IT,A,2002,879201.2,B6N_B_W0,S14,2025M12
IT,A,2003,911284.1,B6N_B_W0,S14,2025M12
IT,A,2004,945194.9,B6N_B_W0,S14,2025M12
IT,A,2005,967777.8,B6N_B_W0,S14,2025M12
IT,A,2006,1002262.3,B6N_B_W0,S14,2025M12
IT,A,2007,1036078.1,B6N_B_W0,S14,2025M12
IT,A,2008,1049966.5,B6N_B_W0,S14,2025M12
IT,A,2009,1022313.6,B6N_B_W0,S14,2025M12
IT,A,2010,1018188.6,B6N_B_W0,S14,2025M12
IT,A,2011,1042315.9,B6N_B_W0,S14,2025M12
IT,A,2012,1007428.7,B6N_B_W0,S14,2025M12
IT,A,2013,1010061.7,B6N_B_W0,S14,2025M12
IT,A,2014,1017906.8,B6N_B_W0,S14,2025M12
IT,A,2015,1031247.6,B6N_B_W0,S14,2025M12
IT,A,2016,1045364.8,B6N_B_W0,S14,2025M12
IT,A,2017,1068372.6,B6N_B_W0,S14,2025M12
IT,A,2018,1084105.1,B6N_B_W0,S14,2025M12
IT,A,2019,1092044.3,B6N_B_W0,S14,2025M12
IT,A,2020,1064838.6,B6N_B_W0,S14,2025M12
IT,A,2021,1117105.3,B6N_B_W0,S14,2025M12
IT,A,2022,1188900.3,B6N_B_W0,S14,2025M12
IT,A,2023,1257612.5,B6N_B_W0,S14,2025M12
IT,A,2024,1296443.8,B6N_B_W0,S14,2025M12
ITC,A,2001,263280.7,B6N_B_W0,S14,2025M12
ITC,A,2002,273803.7,B6N_B_W0,S14,2025M12
ITC,A,2003,281557.6,B6N_B_W0,S14,2025M12
ITC,A,2004,296741.9,B6N_B_W0,S14,2025M12
ITC,A,2005,304379.5,B6N_B_W0,S14,2025M12
ITC,A,2006,316288.4,B6N_B_W0,S14,2025M12
ITC,A,2007,326364.1,B6N_B_W0,S14,2025M12
ITC,A,2008,331914.4,B6N_B_W0,S14,2025M12
ITC,A,2009,319096.8,B6N_B_W0,S14,2025M12
ITC,A,2010,318628.6,B6N_B_W0,S14,2025M12
ITC,A,2011,327951.7,B6N_B_W0,S14,2025M12
ITC,A,2012,317121.3,B6N_B_W0,S14,2025M12
ITC,A,2013,317692.3,B6N_B_W0,S14,2025M12
ITC,A,2014,320028.8,B6N_B_W0,S14,2025M12
ITC,A,2015,323463.9,B6N_B_W0,S14,2025M12
ITC,A,2016,327319.7,B6N_B_W0,S14,2025M12
ITC,A,2017,337118.8,B6N_B_W0,S14,2025M12
ITC,A,2018,338653.1,B6N_B_W0,S14,2025M12
ITC,A,2019,341841.7,B6N_B_W0,S14,2025M12
ITC,A,2020,333752.8,B6N_B_W0,S14,2025M12
ITC,A,2021,350586.5,B6N_B_W0,S14,2025M12
ITC,A,2022,372739.3,B6N_B_W0,S14,2025M12
ITC,A,2023,397385.5,B6N_B_W0,S14,2025M12
ITC,A,2024,409081.6,B6N_B_W0,S14,2025M12
ITC1,A,2001,69517.7,B6N_B_W0,S14,2025M12
ITC1,A,2002,72846.8,B6N_B_W0,S14,2025M12
ITC1,A,2003,75465.1,B6N_B_W0,S14,2025M12
ITC1,A,2004,80130.6,B6N_B_W0,S14,2025M12
ITC1,A,2005,81489.7,B6N_B_W0,S14,2025M12
ITC1,A,2006,84850.4,B6N_B_W0,S14,2025M12
ITC1,A,2007,86841.5,B6N_B_W0,S14,2025M12
ITC1,A,2008,87963.9,B6N_B_W0,S14,2025M12
ITC1,A,2009,83816.1,B6N_B_W0,S14,2025M12
ITC1,A,2010,83901.6,B6N_B_W0,S14,2025M12
ITC1,A,2011,85934.3,B6N_B_W0,S14,2025M12
ITC1,A,2012,82633.5,B6N_B_W0,S14,2025M12
ITC1,A,2013,82511.5,B6N_B_W0,S14,2025M12
ITC1,A,2014,83035.9,B6N_B_W0,S14,2025M12
ITC1,A,2015,83333.6,B6N_B_W0,S14,2025M12
ITC1,A,2016,84305.2,B6N_B_W0,S14,2025M12
ITC1,A,2017,86429.3,B6N_B_W0,S14,2025M12
ITC1,A,2018,87409.1,B6N_B_W0,S14,2025M12
ITC1,A,2019,87812.4,B6N_B_W0,S14,2025M12
ITC1,A,2020,84984.5,B6N_B_W0,S14,2025M12
ITC1,A,2021,88835.7,B6N_B_W0,S14,2025M12
ITC1,A,2022,93843.3,B6N_B_W0,S14,2025M12
ITC1,A,2023,99782.4,B6N_B_W0,S14,2025M12
ITC1,A,2024,103792.8,B6N_B_W0,S14,2025M12
ITC2,A,2001,2098.0,B6N_B_W0,S14,2025M12
ITC2,A,2002,2194.3,B6N_B_W0,S14,2025M12
ITC2,A,2003,2218.3,B6N_B_W0,S14,2025M12
ITC2,A,2004,2291.9,B6N_B_W0,S14,2025M12
ITC2,A,2005,2320.3,B6N_B_W0,S14,2025M12
ITC2,A,2006,2387.6,B6N_B_W0,S14,2025M12
ITC2,A,2007,2445.5,B6N_B_W0,S14,2025M12
ITC2,A,2008,2530.2,B6N_B_W0,S14,2025M12
ITC2,A,2009,2480.7,B6N_B_W0,S14,2025M12
ITC2,A,2010,2473.5,B6N_B_W0,S14,2025M12
ITC2,A,2011,2499.0,B6N_B_W0,S14,2025M12
ITC2,A,2012,2422.7,B6N_B_W0,S14,2025M12
ITC2,A,2013,2396.2,B6N_B_W0,S14,2025M12
ITC2,A,2014,2414.3,B6N_B_W0,S14,2025M12
ITC2,A,2015,2421.7,B6N_B_W0,S14,2025M12
ITC2,A,2016,2421.4,B6N_B_W0,S14,2025M12
ITC2,A,2017,2465.6,B6N_B_W0,S14,2025M12
ITC2,A,2018,2489.0,B6N_B_W0,S14,2025M12
ITC2,A,2019,2495.8,B6N_B_W0,S14,2025M12
ITC2,A,2020,2371.9,B6N_B_W0,S14,2025M12
ITC2,A,2021,2462.4,B6N_B_W0,S14,2025M12
ITC2,A,2022,2631.1,B6N_B_W0,S14,2025M12
ITC2,A,2023,2780.5,B6N_B_W0,S14,2025M12
ITC2,A,2024,2875.0,B6N_B_W0,S14,2025M12
ITC3,A,2001,27107.0,B6N_B_W0,S14,2025M12
ITC3,A,2002,27605.7,B6N_B_W0,S14,2025M12
ITC3,A,2003,28356.0,B6N_B_W0,S14,2025M12
ITC3,A,2004,29297.7,B6N_B_W0,S14,2025M12
ITC3,A,2005,29796.7,B6N_B_W0,S14,2025M12
ITC3,A,2006,30644.0,B6N_B_W0,S14,2025M12
ITC3,A,2007,31825.5,B6N_B_W0,S14,2025M12
ITC3,A,2008,32021.3,B6N_B_W0,S14,2025M12
ITC3,A,2009,30705.2,B6N_B_W0,S14,2025M12
ITC3,A,2010,29732.1,B6N_B_W0,S14,2025M12
ITC3,A,2011,30238.5,B6N_B_W0,S14,2025M12
ITC3,A,2012,29273.8,B6N_B_W0,S14,2025M12
ITC3,A,2013,29090.9,B6N_B_W0,S14,2025M12
ITC3,A,2014,29217.1,B6N_B_W0,S14,2025M12
ITC3,A,2015,29188.2,B6N_B_W0,S14,2025M12
ITC3,A,2016,29565.0,B6N_B_W0,S14,2025M12
ITC3,A,2017,30563.6,B6N_B_W0,S14,2025M12
ITC3,A,2018,30337.2,B6N_B_W0,S14,2025M12
ITC3,A,2019,30534.3,B6N_B_W0,S14,2025M12
ITC3,A,2020,29319.2,B6N_B_W0,S14,2025M12
ITC3,A,2021,30752.4,B6N_B_W0,S14,2025M12
ITC3,A,2022,32997.7,B6N_B_W0,S14,2025M12
ITC3,A,2023,34975.3,B6N_B_W0,S14,2025M12
ITC3,A,2024,35603.7,B6N_B_W0,S14,2025M12
ITC4,A,2001,164558.0,B6N_B_W0,S14,2025M12
ITC4,A,2002,171156.9,B6N_B_W0,S14,2025M12
ITC4,A,2003,175518.3,B6N_B_W0,S14,2025M12
ITC4,A,2004,185021.7,B6N_B_W0,S14,2025M12
ITC4,A,2005,190772.7,B6N_B_W0,S14,2025M12
ITC4,A,2006,198406.4,B6N_B_W0,S14,2025M12
ITC4,A,2007,205251.6,B6N_B_W0,S14,2025M12
ITC4,A,2008,209399.0,B6N_B_W0,S14,2025M12
ITC4,A,2009,202094.8,B6N_B_W0,S14,2025M12
ITC4,A,2010,202521.4,B6N_B_W0,S14,2025M12
ITC4,A,2011,209280.0,B6N_B_W0,S14,2025M12
ITC4,A,2012,202791.3,B6N_B_W0,S14,2025M12
ITC4,A,2013,203693.7,B6N_B_W0,S14,2025M12
ITC4,A,2014,205361.5,B6N_B_W0,S14,2025M12
ITC4,A,2015,208520.4,B6N_B_W0,S14,2025M12
ITC4,A,2016,211028.1,B6N_B_W0,S14,2025M12
ITC4,A,2017,217660.4,B6N_B_W0,S14,2025M12
ITC4,A,2018,218417.8,B6N_B_W0,S14,2025M12
ITC4,A,2019,220999.2,B6N_B_W0,S14,2025M12
ITC4,A,2020,217077.3,B6N_B_W0,S14,2025M12
ITC4,A,2021,228536.1,B6N_B_W0,S14,2025M12
ITC4,A,2022,243267.2,B6N_B_W0,S14,2025M12
ITC4,A,2023,259847.3,B6N_B_W0,S14,2025M12
ITC4,A,2024,266810.2,B6N_B_W0,S14,2025M12
ITCD,A,2001,446667.7,B6N_B_W0,S14,2025M12
ITCD,A,2002,463551.5,B6N_B_W0,S14,2025M12
ITCD,A,2003,478724.4,B6N_B_W0,S14,2025M12
ITCD,A,2004,499898.6,B6N_B_W0,S14,2025M12
ITCD,A,2005,512031.6,B6N_B_W0,S14,2025M12
ITCD,A,2006,532604.9,B6N_B_W0,S14,2025M12
ITCD,A,2007,551113.0,B6N_B_W0,S14,2025M12
ITCD,A,2008,559118.1,B6N_B_W0,S14,2025M12
ITCD,A,2009,539807.9,B6N_B_W0,S14,2025M12
ITCD,A,2010,538660.3,B6N_B_W0,S14,2025M12
ITCD,A,2011,554094.7,B6N_B_W0,S14,2025M12
ITCD,A,2012,535686.9,B6N_B_W0,S14,2025M12
ITCD,A,2013,538837.8,B6N_B_W0,S14,2025M12
ITCD,A,2014,543050.9,B6N_B_W0,S14,2025M12
ITCD,A,2015,549813.4,B6N_B_W0,S14,2025M12
ITCD,A,2016,558189.2,B6N_B_W0,S14,2025M12
ITCD,A,2017,574531.0,B6N_B_W0,S14,2025M12
ITCD,A,2018,580792.3,B6N_B_W0,S14,2025M12
ITCD,A,2019,584842.7,B6N_B_W0,S14,2025M12
ITCD,A,2020,569372.5,B6N_B_W0,S14,2025M12
ITCD,A,2021,596574.7,B6N_B_W0,S14,2025M12
ITCD,A,2022,634794.9,B6N_B_W0,S14,2025M12
ITCD,A,2023,674861.6,B6N_B_W0,S14,2025M12
ITCD,A,2024,694196.1,B6N_B_W0,S14,2025M12
ITCDE,A,2001,619969.0,B6N_B_W0,S14,2025M12
ITCDE,A,2002,643790.0,B6N_B_W0,S14,2025M12
ITCDE,A,2003,667131.0,B6N_B_W0,S14,2025M12
ITCDE,A,2004,696285.8,B6N_B_W0,S14,2025M12
ITCDE,A,2005,712885.1,B6N_B_W0,S14,2025M12
ITCDE,A,2006,739318.1,B6N_B_W0,S14,2025M12
ITCDE,A,2007,765753.4,B6N_B_W0,S14,2025M12
ITCDE,A,2008,776953.6,B6N_B_W0,S14,2025M12
ITCDE,A,2009,753448.4,B6N_B_W0,S14,2025M12
ITCDE,A,2010,752238.9,B6N_B_W0,S14,2025M12
ITCDE,A,2011,771075.4,B6N_B_W0,S14,2025M12
ITCDE,A,2012,744669.9,B6N_B_W0,S14,2025M12
ITCDE,A,2013,748100.1,B6N_B_W0,S14,2025M12
ITCDE,A,2014,754573.1,B6N_B_W0,S14,2025M12
ITCDE,A,2015,763608.3,B6N_B_W0,S14,2025M12
ITCDE,A,2016,775311.5,B6N_B_W0,S14,2025M12
ITCDE,A,2017,794941.4,B6N_B_W0,S14,2025M12
ITCDE,A,2018,805807.9,B6N_B_W0,S14,2025M12
ITCDE,A,2019,810802.9,B6N_B_W0,S14,2025M12
ITCDE,A,2020,787110.9,B6N_B_W0,S14,2025M12
ITCDE,A,2021,825820.6,B6N_B_W0,S14,2025M12
ITCDE,A,2022,878896.4,B6N_B_W0,S14,2025M12
ITCDE,A,2023,932104.0,B6N_B_W0,S14,2025M12
ITCDE,A,2024,959428.6,B6N_B_W0,S14,2025M12
ITD,A,2001,183387.0,B6N_B_W0,S14,2025M12
ITD,A,2002,189747.8,B6N_B_W0,S14,2025M12
ITD,A,2003,197166.8,B6N_B_W0,S14,2025M12
ITD,A,2004,203156.7,B6N_B_W0,S14,2025M12
ITD,A,2005,207652.1,B6N_B_W0,S14,2025M12
ITD,A,2006,216316.5,B6N_B_W0,S14,2025M12
ITD,A,2007,224748.9,B6N_B_W0,S14,2025M12
ITD,A,2008,227203.7,B6N_B_W0,S14,2025M12
ITD,A,2009,220711.1,B6N_B_W0,S14,2025M12
ITD,A,2010,220031.7,B6N_B_W0,S14,2025M12
ITD,A,2011,226143.0,B6N_B_W0,S14,2025M12
ITD,A,2012,218565.6,B6N_B_W0,S14,2025M12
ITD,A,2013,221145.6,B6N_B_W0,S14,2025M12
ITD,A,2014,223022.1,B6N_B_W0,S14,2025M12
ITD,A,2015,226349.4,B6N_B_W0,S14,2025M12
ITD,A,2016,230869.4,B6N_B_W0,S14,2025M12
ITD,A,2017,237412.2,B6N_B_W0,S14,2025M12
ITD,A,2018,242139.2,B6N_B_W0,S14,2025M12
ITD,A,2019,243001.0,B6N_B_W0,S14,2025M12
ITD,A,2020,235619.6,B6N_B_W0,S14,2025M12
ITD,A,2021,245988.1,B6N_B_W0,S14,2025M12
ITD,A,2022,262055.6,B6N_B_W0,S14,2025M12
ITD,A,2023,277476.1,B6N_B_W0,S14,2025M12
ITD,A,2024,285114.5,B6N_B_W0,S14,2025M12
ITD1,A,2001,9119.9,B6N_B_W0,S14,2025M12
ITD1,A,2002,9314.4,B6N_B_W0,S14,2025M12
ITD1,A,2003,9452.8,B6N_B_W0,S14,2025M12
ITD1,A,2004,10068.1,B6N_B_W0,S14,2025M12
ITD1,A,2005,10130.5,B6N_B_W0,S14,2025M12
ITD1,A,2006,10488.4,B6N_B_W0,S14,2025M12
ITD1,A,2007,10946.8,B6N_B_W0,S14,2025M12
ITD1,A,2008,11205.7,B6N_B_W0,S14,2025M12
ITD1,A,2009,11204.2,B6N_B_W0,S14,2025M12
ITD1,A,2010,11199.2,B6N_B_W0,S14,2025M12
ITD1,A,2011,11483.4,B6N_B_W0,S14,2025M12
ITD1,A,2012,11331.0,B6N_B_W0,S14,2025M12
ITD1,A,2013,11556.1,B6N_B_W0,S14,2025M12
ITD1,A,2014,11739.0,B6N_B_W0,S14,2025M12
ITD1,A,2015,12087.5,B6N_B_W0,S14,2025M12
ITD1,A,2016,12487.9,B6N_B_W0,S14,2025M12
ITD1,A,2017,12945.7,B6N_B_W0,S14,2025M12
ITD1,A,2018,13463.0,B6N_B_W0,S14,2025M12
ITD1,A,2019,13629.0,B6N_B_W0,S14,2025M12
ITD1,A,2020,13233.2,B6N_B_W0,S14,2025M12
ITD1,A,2021,13462.5,B6N_B_W0,S14,2025M12
ITD1,A,2022,14576.3,B6N_B_W0,S14,2025M12
ITD1,A,2023,15773.3,B6N_B_W0,S14,2025M12
ITD1,A,2024,16300.2,B6N_B_W0,S14,2025M12
ITD2,A,2001,8242.9,B6N_B_W0,S14,2025M12
ITD2,A,2002,8630.9,B6N_B_W0,S14,2025M12
ITD2,A,2003,8815.8,B6N_B_W0,S14,2025M12
ITD2,A,2004,9041.5,B6N_B_W0,S14,2025M12
ITD2,A,2005,9162.9,B6N_B_W0,S14,2025M12
ITD2,A,2006,9458.6,B6N_B_W0,S14,2025M12
ITD2,A,2007,9941.9,B6N_B_W0,S14,2025M12
ITD2,A,2008,10295.0,B6N_B_W0,S14,2025M12
ITD2,A,2009,10152.7,B6N_B_W0,S14,2025M12
ITD2,A,2010,10248.1,B6N_B_W0,S14,2025M12
ITD2,A,2011,10392.9,B6N_B_W0,S14,2025M12
ITD2,A,2012,10080.1,B6N_B_W0,S14,2025M12
ITD2,A,2013,10341.7,B6N_B_W0,S14,2025M12
ITD2,A,2014,10105.8,B6N_B_W0,S14,2025M12
ITD2,A,2015,10177.6,B6N_B_W0,S14,2025M12
ITD2,A,2016,10250.6,B6N_B_W0,S14,2025M12
ITD2,A,2017,10437.5,B6N_B_W0,S14,2025M12
ITD2,A,2018,10842.3,B6N_B_W0,S14,2025M12
ITD2,A,2019,10989.5,B6N_B_W0,S14,2025M12
ITD2,A,2020,10630.2,B6N_B_W0,S14,2025M12
ITD2,A,2021,11093.1,B6N_B_W0,S14,2025M12
ITD2,A,2022,11969.6,B6N_B_W0,S14,2025M12
ITD2,A,2023,12562.3,B6N_B_W0,S14,2025M12
ITD2,A,2024,12998.1,B6N_B_W0,S14,2025M12
ITD3,A,2001,71061.8,B6N_B_W0,S14,2025M12
ITD3,A,2002,73897.2,B6N_B_W0,S14,2025M12
ITD3,A,2003,77118.2,B6N_B_W0,S14,2025M12
ITD3,A,2004,80043.4,B6N_B_W0,S14,2025M12
ITD3,A,2005,82147.2,B6N_B_W0,S14,2025M12
ITD3,A,2006,85333.0,B6N_B_W0,S14,2025M12
ITD3,A,2007,87850.5,B6N_B_W0,S14,2025M12
ITD3,A,2008,89340.3,B6N_B_W0,S14,2025M12
ITD3,A,2009,86869.9,B6N_B_W0,S14,2025M12
ITD3,A,2010,87319.1,B6N_B_W0,S14,2025M12
ITD3,A,2011,89775.6,B6N_B_W0,S14,2025M12
ITD3,A,2012,86173.0,B6N_B_W0,S14,2025M12
ITD3,A,2013,86996.5,B6N_B_W0,S14,2025M12
ITD3,A,2014,88018.9,B6N_B_W0,S14,2025M12
ITD3,A,2015,89655.9,B6N_B_W0,S14,2025M12
ITD3,A,2016,91932.6,B6N_B_W0,S14,2025M12
ITD3,A,2017,94427.1,B6N_B_W0,S14,2025M12
ITD3,A,2018,96596.6,B6N_B_W0,S14,2025M12
ITD3,A,2019,96671.6,B6N_B_W0,S14,2025M12
ITD3,A,2020,93517.6,B6N_B_W0,S14,2025M12
ITD3,A,2021,98342.4,B6N_B_W0,S14,2025M12
ITD3,A,2022,104742.8,B6N_B_W0,S14,2025M12
ITD3,A,2023,110951.6,B6N_B_W0,S14,2025M12
ITD3,A,2024,114061.8,B6N_B_W0,S14,2025M12
ITD4,A,2001,19366.3,B6N_B_W0,S14,2025M12
ITD4,A,2002,20029.0,B6N_B_W0,S14,2025M12
ITD4,A,2003,20765.5,B6N_B_W0,S14,2025M12
ITD4,A,2004,21447.7,B6N_B_W0,S14,2025M12
ITD4,A,2005,21801.6,B6N_B_W0,S14,2025M12
ITD4,A,2006,22654.8,B6N_B_W0,S14,2025M12
ITD4,A,2007,23688.6,B6N_B_W0,S14,2025M12
ITD4,A,2008,23750.6,B6N_B_W0,S14,2025M12
ITD4,A,2009,23023.0,B6N_B_W0,S14,2025M12
ITD4,A,2010,23032.3,B6N_B_W0,S14,2025M12
ITD4,A,2011,23576.0,B6N_B_W0,S14,2025M12
ITD4,A,2012,22507.7,B6N_B_W0,S14,2025M12
ITD4,A,2013,22707.4,B6N_B_W0,S14,2025M12
ITD4,A,2014,22690.7,B6N_B_W0,S14,2025M12
ITD4,A,2015,23103.8,B6N_B_W0,S14,2025M12
ITD4,A,2016,23452.6,B6N_B_W0,S14,2025M12
ITD4,A,2017,23807.1,B6N_B_W0,S14,2025M12
ITD4,A,2018,24185.0,B6N_B_W0,S14,2025M12
ITD4,A,2019,24364.7,B6N_B_W0,S14,2025M12
ITD4,A,2020,23577.0,B6N_B_W0,S14,2025M12
ITD4,A,2021,24819.0,B6N_B_W0,S14,2025M12
ITD4,A,2022,26035.6,B6N_B_W0,S14,2025M12
ITD4,A,2023,27588.4,B6N_B_W0,S14,2025M12
ITD4,A,2024,28412.7,B6N_B_W0,S14,2025M12
ITD5,A,2001,75596.1,B6N_B_W0,S14,2025M12
ITD5,A,2002,77876.3,B6N_B_W0,S14,2025M12
ITD5,A,2003,81014.5,B6N_B_W0,S14,2025M12
ITD5,A,2004,82555.9,B6N_B_W0,S14,2025M12
ITD5,A,2005,84410.0,B6N_B_W0,S14,2025M12
ITD5,A,2006,88381.7,B6N_B_W0,S14,2025M12
ITD5,A,2007,92321.1,B6N_B_W0,S14,2025M12
ITD5,A,2008,92612.1,B6N_B_W0,S14,2025M12
ITD5,A,2009,89461.4,B6N_B_W0,S14,2025M12
ITD5,A,2010,88232.9,B6N_B_W0,S14,2025M12
ITD5,A,2011,90915.0,B6N_B_W0,S14,2025M12
ITD5,A,2012,88473.8,B6N_B_W0,S14,2025M12
ITD5,A,2013,89543.9,B6N_B_W0,S14,2025M12
ITD5,A,2014,90467.6,B6N_B_W0,S14,2025M12
ITD5,A,2015,91324.6,B6N_B_W0,S14,2025M12
ITD5,A,2016,92745.7,B6N_B_W0,S14,2025M12
ITD5,A,2017,95794.7,B6N_B_W0,S14,2025M12
ITD5,A,2018,97052.3,B6N_B_W0,S14,2025M12
ITD5,A,2019,97346.1,B6N_B_W0,S14,2025M12
ITD5,A,2020,94661.6,B6N_B_W0,S14,2025M12
ITD5,A,2021,98271.0,B6N_B_W0,S14,2025M12
ITD5,A,2022,104731.2,B6N_B_W0,S14,2025M12
ITD5,A,2023,110600.5,B6N_B_W0,S14,2025M12
ITD5,A,2024,113341.7,B6N_B_W0,S14,2025M12
ITDA,A,2001,17362.8,B6N_B_W0,S14,2025M12
ITDA,A,2002,17945.3,B6N_B_W0,S14,2025M12
ITDA,A,2003,18268.6,B6N_B_W0,S14,2025M12
ITDA,A,2004,19109.6,B6N_B_W0,S14,2025M12
ITDA,A,2005,19293.4,B6N_B_W0,S14,2025M12
ITDA,A,2006,19947.0,B6N_B_W0,S14,2025M12
ITDA,A,2007,20888.7,B6N_B_W0,S14,2025M12
ITDA,A,2008,21500.7,B6N_B_W0,S14,2025M12
ITDA,A,2009,21356.9,B6N_B_W0,S14,2025M12
ITDA,A,2010,21447.3,B6N_B_W0,S14,2025M12
ITDA,A,2011,21876.3,B6N_B_W0,S14,2025M12
ITDA,A,2012,21411.0,B6N_B_W0,S14,2025M12
ITDA,A,2013,21897.8,B6N_B_W0,S14,2025M12
ITDA,A,2014,21844.8,B6N_B_W0,S14,2025M12
ITDA,A,2015,22265.1,B6N_B_W0,S14,2025M12
ITDA,A,2016,22738.6,B6N_B_W0,S14,2025M12
ITDA,A,2017,23383.2,B6N_B_W0,S14,2025M12
ITDA,A,2018,24305.3,B6N_B_W0,S14,2025M12
ITDA,A,2019,24618.5,B6N_B_W0,S14,2025M12
ITDA,A,2020,23863.4,B6N_B_W0,S14,2025M12
ITDA,A,2021,24555.6,B6N_B_W0,S14,2025M12
ITDA,A,2022,26545.9,B6N_B_W0,S14,2025M12
ITDA,A,2023,28335.7,B6N_B_W0,S14,2025M12
ITDA,A,2024,29298.3,B6N_B_W0,S14,2025M12
ITE,A,2001,173301.3,B6N_B_W0,S14,2025M12
ITE,A,2002,180238.6,B6N_B_W0,S14,2025M12
ITE,A,2003,188406.6,B6N_B_W0,S14,2025M12
ITE,A,2004,196387.2,B6N_B_W0,S14,2025M12
ITE,A,2005,200853.5,B6N_B_W0,S14,2025M12
ITE,A,2006,206713.2,B6N_B_W0,S14,2025M12
ITE,A,2007,214640.4,B6N_B_W0,S14,2025M12
ITE,A,2008,217835.6,B6N_B_W0,S14,2025M12
ITE,A,2009,213640.6,B6N_B_W0,S14,2025M12
ITE,A,2010,213578.6,B6N_B_W0,S14,2025M12
ITE,A,2011,216980.7,B6N_B_W0,S14,2025M12
ITE,A,2012,208983.0,B6N_B_W0,S14,2025M12
ITE,A,2013,209262.3,B6N_B_W0,S14,2025M12
ITE,A,2014,211522.2,B6N_B_W0,S14,2025M12
ITE,A,2015,213794.9,B6N_B_W0,S14,2025M12
ITE,A,2016,217122.3,B6N_B_W0,S14,2025M12
ITE,A,2017,220410.3,B6N_B_W0,S14,2025M12
ITE,A,2018,225015.5,B6N_B_W0,S14,2025M12
ITE,A,2019,225960.2,B6N_B_W0,S14,2025M12
ITE,A,2020,217738.5,B6N_B_W0,S14,2025M12
ITE,A,2021,229245.9,B6N_B_W0,S14,2025M12
ITE,A,2022,244101.5,B6N_B_W0,S14,2025M12
ITE,A,2023,257242.4,B6N_B_W0,S14,2025M12
ITE,A,2024,265232.5,B6N_B_W0,S14,2025M12
ITE1,A,2001,57106.2,B6N_B_W0,S14,2025M12
ITE1,A,2002,59292.1,B6N_B_W0,S14,2025M12
ITE1,A,2003,61682.3,B6N_B_W0,S14,2025M12
ITE1,A,2004,63968.1,B6N_B_W0,S14,2025M12
ITE1,A,2005,64633.6,B6N_B_W0,S14,2025M12
ITE1,A,2006,66734.5,B6N_B_W0,S14,2025M12
ITE1,A,2007,68749.5,B6N_B_W0,S14,2025M12
ITE1,A,2008,69852.5,B6N_B_W0,S14,2025M12
ITE1,A,2009,68166.8,B6N_B_W0,S14,2025M12
ITE1,A,2010,67448.0,B6N_B_W0,S14,2025M12
ITE1,A,2011,68659.2,B6N_B_W0,S14,2025M12
ITE1,A,2012,66716.9,B6N_B_W0,S14,2025M12
ITE1,A,2013,66711.8,B6N_B_W0,S14,2025M12
ITE1,A,2014,67467.2,B6N_B_W0,S14,2025M12
ITE1,A,2015,67882.1,B6N_B_W0,S14,2025M12
ITE1,A,2016,69645.2,B6N_B_W0,S14,2025M12
ITE1,A,2017,70746.2,B6N_B_W0,S14,2025M12
ITE1,A,2018,72342.2,B6N_B_W0,S14,2025M12
ITE1,A,2019,72405.8,B6N_B_W0,S14,2025M12
ITE1,A,2020,68657.1,B6N_B_W0,S14,2025M12
ITE1,A,2021,72313.6,B6N_B_W0,S14,2025M12
ITE1,A,2022,77719.2,B6N_B_W0,S14,2025M12
ITE1,A,2023,81459.3,B6N_B_W0,S14,2025M12
ITE1,A,2024,84317.3,B6N_B_W0,S14,2025M12
ITE2,A,2001,12907.0,B6N_B_W0,S14,2025M12
ITE2,A,2002,13277.2,B6N_B_W0,S14,2025M12
ITE2,A,2003,13856.2,B6N_B_W0,S14,2025M12
ITE2,A,2004,14503.5,B6N_B_W0,S14,2025M12
ITE2,A,2005,14828.1,B6N_B_W0,S14,2025M12
ITE2,A,2006,15161.2,B6N_B_W0,S14,2025M12
ITE2,A,2007,15627.2,B6N_B_W0,S14,2025M12
ITE2,A,2008,15896.8,B6N_B_W0,S14,2025M12
ITE2,A,2009,15434.1,B6N_B_W0,S14,2025M12
ITE2,A,2010,15569.8,B6N_B_W0,S14,2025M12
ITE2,A,2011,16051.3,B6N_B_W0,S14,2025M12
ITE2,A,2012,15403.9,B6N_B_W0,S14,2025M12
ITE2,A,2013,15245.8,B6N_B_W0,S14,2025M12
ITE2,A,2014,15143.3,B6N_B_W0,S14,2025M12
ITE2,A,2015,15183.6,B6N_B_W0,S14,2025M12
ITE2,A,2016,15269.5,B6N_B_W0,S14,2025M12
ITE2,A,2017,15512.2,B6N_B_W0,S14,2025M12
ITE2,A,2018,15809.8,B6N_B_W0,S14,2025M12
ITE2,A,2019,15834.7,B6N_B_W0,S14,2025M12
ITE2,A,2020,15238.3,B6N_B_W0,S14,2025M12
ITE2,A,2021,16027.3,B6N_B_W0,S14,2025M12
ITE2,A,2022,17135.9,B6N_B_W0,S14,2025M12
ITE2,A,2023,18123.4,B6N_B_W0,S14,2025M12
ITE2,A,2024,18699.7,B6N_B_W0,S14,2025M12
ITE3,A,2001,20872.1,B6N_B_W0,S14,2025M12
ITE3,A,2002,21932.6,B6N_B_W0,S14,2025M12
ITE3,A,2003,22817.8,B6N_B_W0,S14,2025M12
ITE3,A,2004,23384.0,B6N_B_W0,S14,2025M12
ITE3,A,2005,24327.9,B6N_B_W0,S14,2025M12
ITE3,A,2006,25281.1,B6N_B_W0,S14,2025M12
ITE3,A,2007,26044.9,B6N_B_W0,S14,2025M12
ITE3,A,2008,26619.5,B6N_B_W0,S14,2025M12
ITE3,A,2009,25931.1,B6N_B_W0,S14,2025M12
ITE3,A,2010,26161.6,B6N_B_W0,S14,2025M12
ITE3,A,2011,26512.7,B6N_B_W0,S14,2025M12
ITE3,A,2012,25803.8,B6N_B_W0,S14,2025M12
ITE3,A,2013,26005.7,B6N_B_W0,S14,2025M12
ITE3,A,2014,26031.3,B6N_B_W0,S14,2025M12
ITE3,A,2015,26269.7,B6N_B_W0,S14,2025M12
ITE3,A,2016,26802.8,B6N_B_W0,S14,2025M12
ITE3,A,2017,27188.7,B6N_B_W0,S14,2025M12
ITE3,A,2018,27683.2,B6N_B_W0,S14,2025M12
ITE3,A,2019,27702.9,B6N_B_W0,S14,2025M12
ITE3,A,2020,26814.5,B6N_B_W0,S14,2025M12
ITE3,A,2021,28273.9,B6N_B_W0,S14,2025M12
ITE3,A,2022,29975.9,B6N_B_W0,S14,2025M12
ITE3,A,2023,31437.3,B6N_B_W0,S14,2025M12
ITE3,A,2024,32008.4,B6N_B_W0,S14,2025M12
ITE4,A,2001,82416.0,B6N_B_W0,S14,2025M12
ITE4,A,2002,85736.8,B6N_B_W0,S14,2025M12
ITE4,A,2003,90050.4,B6N_B_W0,S14,2025M12
ITE4,A,2004,94531.6,B6N_B_W0,S14,2025M12
ITE4,A,2005,97063.9,B6N_B_W0,S14,2025M12
ITE4,A,2006,99536.3,B6N_B_W0,S14,2025M12
ITE4,A,2007,104218.8,B6N_B_W0,S14,2025M12
ITE4,A,2008,105466.8,B6N_B_W0,S14,2025M12
ITE4,A,2009,104108.4,B6N_B_W0,S14,2025M12
ITE4,A,2010,104399.2,B6N_B_W0,S14,2025M12
ITE4,A,2011,105757.5,B6N_B_W0,S14,2025M12
ITE4,A,2012,101058.4,B6N_B_W0,S14,2025M12
ITE4,A,2013,101299.0,B6N_B_W0,S14,2025M12
ITE4,A,2014,102880.4,B6N_B_W0,S14,2025M12
ITE4,A,2015,104459.5,B6N_B_W0,S14,2025M12
ITE4,A,2016,105404.8,B6N_B_W0,S14,2025M12
ITE4,A,2017,106963.3,B6N_B_W0,S14,2025M12
ITE4,A,2018,109180.2,B6N_B_W0,S14,2025M12
ITE4,A,2019,110016.8,B6N_B_W0,S14,2025M12
ITE4,A,2020,107028.6,B6N_B_W0,S14,2025M12
ITE4,A,2021,112631.1,B6N_B_W0,S14,2025M12
ITE4,A,2022,119270.5,B6N_B_W0,S14,2025M12
ITE4,A,2023,126222.3,B6N_B_W0,S14,2025M12
ITE4,A,2024,130207.1,B6N_B_W0,S14,2025M12
ITF,A,2001,155444.9,B6N_B_W0,S14,2025M12
ITF,A,2002,162595.6,B6N_B_W0,S14,2025M12
ITF,A,2003,168111.2,B6N_B_W0,S14,2025M12
ITF,A,2004,170815.7,B6N_B_W0,S14,2025M12
ITF,A,2005,174843.9,B6N_B_W0,S14,2025M12
ITF,A,2006,180349.4,B6N_B_W0,S14,2025M12
ITF,A,2007,185399.8,B6N_B_W0,S14,2025M12
ITF,A,2008,186428.7,B6N_B_W0,S14,2025M12
ITF,A,2009,182536.1,B6N_B_W0,S14,2025M12
ITF,A,2010,180240.6,B6N_B_W0,S14,2025M12
ITF,A,2011,184225.8,B6N_B_W0,S14,2025M12
ITF,A,2012,177764.0,B6N_B_W0,S14,2025M12
ITF,A,2013,177043.2,B6N_B_W0,S14,2025M12
ITF,A,2014,178190.9,B6N_B_W0,S14,2025M12
ITF,A,2015,181547.8,B6N_B_W0,S14,2025M12
ITF,A,2016,182989.1,B6N_B_W0,S14,2025M12
ITF,A,2017,185288.0,B6N_B_W0,S14,2025M12
ITF,A,2018,188478.0,B6N_B_W0,S14,2025M12
ITF,A,2019,190276.1,B6N_B_W0,S14,2025M12
ITF,A,2020,187375.3,B6N_B_W0,S14,2025M12
ITF,A,2021,196213.6,B6N_B_W0,S14,2025M12
ITF,A,2022,208521.5,B6N_B_W0,S14,2025M12
ITF,A,2023,219462.4,B6N_B_W0,S14,2025M12
ITF,A,2024,226801.1,B6N_B_W0,S14,2025M12
ITF1,A,2001,16881.6,B6N_B_W0,S14,2025M12
ITF1,A,2002,17538.8,B6N_B_W0,S14,2025M12
ITF1,A,2003,17988.7,B6N_B_W0,S14,2025M12
ITF1,A,2004,17968.4,B6N_B_W0,S14,2025M12
ITF1,A,2005,18593.9,B6N_B_W0,S14,2025M12
ITF1,A,2006,19305.2,B6N_B_W0,S14,2025M12
ITF1,A,2007,20137.3,B6N_B_W0,S14,2025M12
ITF1,A,2008,20678.3,B6N_B_W0,S14,2025M12
ITF1,A,2009,20317.0,B6N_B_W0,S14,2025M12
ITF1,A,2010,20058.1,B6N_B_W0,S14,2025M12
ITF1,A,2011,20779.2,B6N_B_W0,S14,2025M12
ITF1,A,2012,20004.9,B6N_B_W0,S14,2025M12
ITF1,A,2013,20121.2,B6N_B_W0,S14,2025M12
ITF1,A,2014,19973.4,B6N_B_W0,S14,2025M12
ITF1,A,2015,20247.5,B6N_B_W0,S14,2025M12
ITF1,A,2016,20311.9,B6N_B_W0,S14,2025M12
ITF1,A,2017,20611.8,B6N_B_W0,S14,2025M12
ITF1,A,2018,20846.2,B6N_B_W0,S14,2025M12
ITF1,A,2019,20868.8,B6N_B_W0,S14,2025M12
ITF1,A,2020,20343.4,B6N_B_W0,S14,2025M12
ITF1,A,2021,21525.7,B6N_B_W0,S14,2025M12
ITF1,A,2022,22873.8,B6N_B_W0,S14,2025M12
ITF1,A,2023,24163.4,B6N_B_W0,S14,2025M12
ITF1,A,2024,24990.9,B6N_B_W0,S14,2025M12
ITF2,A,2001,3716.1,B6N_B_W0,S14,2025M12
ITF2,A,2002,3840.3,B6N_B_W0,S14,2025M12
ITF2,A,2003,4043.7,B6N_B_W0,S14,2025M12
ITF2,A,2004,4081.2,B6N_B_W0,S14,2025M12
ITF2,A,2005,4218.5,B6N_B_W0,S14,2025M12
ITF2,A,2006,4449.2,B6N_B_W0,S14,2025M12
ITF2,A,2007,4643.6,B6N_B_W0,S14,2025M12
ITF2,A,2008,4662.7,B6N_B_W0,S14,2025M12
ITF2,A,2009,4559.9,B6N_B_W0,S14,2025M12
ITF2,A,2010,4484.3,B6N_B_W0,S14,2025M12
ITF2,A,2011,4587.1,B6N_B_W0,S14,2025M12
ITF2,A,2012,4411.8,B6N_B_W0,S14,2025M12
ITF2,A,2013,4349.9,B6N_B_W0,S14,2025M12
ITF2,A,2014,4311.0,B6N_B_W0,S14,2025M12
ITF2,A,2015,4372.1,B6N_B_W0,S14,2025M12
ITF2,A,2016,4364.9,B6N_B_W0,S14,2025M12
ITF2,A,2017,4388.1,B6N_B_W0,S14,2025M12
ITF2,A,2018,4448.0,B6N_B_W0,S14,2025M12
ITF2,A,2019,4479.5,B6N_B_W0,S14,2025M12
ITF2,A,2020,4444.3,B6N_B_W0,S14,2025M12
ITF2,A,2021,4641.4,B6N_B_W0,S14,2025M12
ITF2,A,2022,4946.3,B6N_B_W0,S14,2025M12
ITF2,A,2023,5149.1,B6N_B_W0,S14,2025M12
ITF2,A,2024,5275.8,B6N_B_W0,S14,2025M12
ITF3,A,2001,63900.2,B6N_B_W0,S14,2025M12
ITF3,A,2002,67090.8,B6N_B_W0,S14,2025M12
ITF3,A,2003,68945.5,B6N_B_W0,S14,2025M12
ITF3,A,2004,69723.1,B6N_B_W0,S14,2025M12
ITF3,A,2005,71419.4,B6N_B_W0,S14,2025M12
ITF3,A,2006,73104.5,B6N_B_W0,S14,2025M12
ITF3,A,2007,74782.4,B6N_B_W0,S14,2025M12
ITF3,A,2008,74967.3,B6N_B_W0,S14,2025M12
ITF3,A,2009,73275.2,B6N_B_W0,S14,2025M12
ITF3,A,2010,72179.0,B6N_B_W0,S14,2025M12
ITF3,A,2011,72886.0,B6N_B_W0,S14,2025M12
ITF3,A,2012,69627.5,B6N_B_W0,S14,2025M12
ITF3,A,2013,69181.4,B6N_B_W0,S14,2025M12
ITF3,A,2014,70161.8,B6N_B_W0,S14,2025M12
ITF3,A,2015,71521.4,B6N_B_W0,S14,2025M12
ITF3,A,2016,72222.3,B6N_B_W0,S14,2025M12
ITF3,A,2017,72620.6,B6N_B_W0,S14,2025M12
ITF3,A,2018,73943.2,B6N_B_W0,S14,2025M12
ITF3,A,2019,74889.4,B6N_B_W0,S14,2025M12
ITF3,A,2020,73375.0,B6N_B_W0,S14,2025M12
ITF3,A,2021,77321.2,B6N_B_W0,S14,2025M12
ITF3,A,2022,82824.7,B6N_B_W0,S14,2025M12
ITF3,A,2023,87249.1,B6N_B_W0,S14,2025M12
ITF3,A,2024,90381.9,B6N_B_W0,S14,2025M12
ITF4,A,2001,44467.7,B6N_B_W0,S14,2025M12
ITF4,A,2002,46194.1,B6N_B_W0,S14,2025M12
ITF4,A,2003,47817.3,B6N_B_W0,S14,2025M12
ITF4,A,2004,48977.7,B6N_B_W0,S14,2025M12
ITF4,A,2005,49930.9,B6N_B_W0,S14,2025M12
ITF4,A,2006,51658.3,B6N_B_W0,S14,2025M12
ITF4,A,2007,53082.4,B6N_B_W0,S14,2025M12
ITF4,A,2008,53179.6,B6N_B_W0,S14,2025M12
ITF4,A,2009,51870.9,B6N_B_W0,S14,2025M12
ITF4,A,2010,51839.5,B6N_B_W0,S14,2025M12
ITF4,A,2011,53745.3,B6N_B_W0,S14,2025M12
ITF4,A,2012,52517.2,B6N_B_W0,S14,2025M12
ITF4,A,2013,52409.9,B6N_B_W0,S14,2025M12
ITF4,A,2014,52812.2,B6N_B_W0,S14,2025M12
ITF4,A,2015,53960.5,B6N_B_W0,S14,2025M12
ITF4,A,2016,54457.8,B6N_B_W0,S14,2025M12
ITF4,A,2017,55325.3,B6N_B_W0,S14,2025M12
ITF4,A,2018,56351.8,B6N_B_W0,S14,2025M12
ITF4,A,2019,56783.3,B6N_B_W0,S14,2025M12
ITF4,A,2020,56263.8,B6N_B_W0,S14,2025M12
ITF4,A,2021,58616.3,B6N_B_W0,S14,2025M12
ITF4,A,2022,61821.5,B6N_B_W0,S14,2025M12
ITF4,A,2023,64787.5,B6N_B_W0,S14,2025M12
ITF4,A,2024,66832.0,B6N_B_W0,S14,2025M12
ITF5,A,2001,6228.6,B6N_B_W0,S14,2025M12
ITF5,A,2002,6649.2,B6N_B_W0,S14,2025M12
ITF5,A,2003,6990.6,B6N_B_W0,S14,2025M12
ITF5,A,2004,7180.6,B6N_B_W0,S14,2025M12
ITF5,A,2005,7330.0,B6N_B_W0,S14,2025M12
ITF5,A,2006,7547.3,B6N_B_W0,S14,2025M12
ITF5,A,2007,7800.2,B6N_B_W0,S14,2025M12
ITF5,A,2008,7785.4,B6N_B_W0,S14,2025M12
ITF5,A,2009,7606.0,B6N_B_W0,S14,2025M12
ITF5,A,2010,7427.9,B6N_B_W0,S14,2025M12
ITF5,A,2011,7505.9,B6N_B_W0,S14,2025M12
ITF5,A,2012,7313.3,B6N_B_W0,S14,2025M12
ITF5,A,2013,7258.6,B6N_B_W0,S14,2025M12
ITF5,A,2014,7319.2,B6N_B_W0,S14,2025M12
ITF5,A,2015,7552.7,B6N_B_W0,S14,2025M12
ITF5,A,2016,7507.7,B6N_B_W0,S14,2025M12
ITF5,A,2017,7552.7,B6N_B_W0,S14,2025M12
ITF5,A,2018,7719.5,B6N_B_W0,S14,2025M12
ITF5,A,2019,7811.5,B6N_B_W0,S14,2025M12
ITF5,A,2020,7835.5,B6N_B_W0,S14,2025M12
ITF5,A,2021,8125.6,B6N_B_W0,S14,2025M12
ITF5,A,2022,8537.1,B6N_B_W0,S14,2025M12
ITF5,A,2023,9043.8,B6N_B_W0,S14,2025M12
ITF5,A,2024,9185.5,B6N_B_W0,S14,2025M12
ITF6,A,2001,20250.6,B6N_B_W0,S14,2025M12
ITF6,A,2002,21282.3,B6N_B_W0,S14,2025M12
ITF6,A,2003,22325.4,B6N_B_W0,S14,2025M12
ITF6,A,2004,22884.8,B6N_B_W0,S14,2025M12
ITF6,A,2005,23351.2,B6N_B_W0,S14,2025M12
ITF6,A,2006,24285.0,B6N_B_W0,S14,2025M12
ITF6,A,2007,24953.9,B6N_B_W0,S14,2025M12
ITF6,A,2008,25155.4,B6N_B_W0,S14,2025M12
ITF6,A,2009,24907.2,B6N_B_W0,S14,2025M12
ITF6,A,2010,24251.9,B6N_B_W0,S14,2025M12
ITF6,A,2011,24722.2,B6N_B_W0,S14,2025M12
ITF6,A,2012,23889.3,B6N_B_W0,S14,2025M12
ITF6,A,2013,23722.2,B6N_B_W0,S14,2025M12
ITF6,A,2014,23613.3,B6N_B_W0,S14,2025M12
ITF6,A,2015,23893.7,B6N_B_W0,S14,2025M12
ITF6,A,2016,24124.6,B6N_B_W0,S14,2025M12
ITF6,A,2017,24789.6,B6N_B_W0,S14,2025M12
ITF6,A,2018,25169.3,B6N_B_W0,S14,2025M12
ITF6,A,2019,25443.5,B6N_B_W0,S14,2025M12
ITF6,A,2020,25113.3,B6N_B_W0,S14,2025M12
ITF6,A,2021,25983.4,B6N_B_W0,S14,2025M12
ITF6,A,2022,27518.1,B6N_B_W0,S14,2025M12
ITF6,A,2023,29069.4,B6N_B_W0,S14,2025M12
ITF6,A,2024,30134.9,B6N_B_W0,S14,2025M12
ITFG,A,2001,224982.6,B6N_B_W0,S14,2025M12
ITFG,A,2002,235411.2,B6N_B_W0,S14,2025M12
ITFG,A,2003,244153.1,B6N_B_W0,S14,2025M12
ITFG,A,2004,248909.1,B6N_B_W0,S14,2025M12
ITFG,A,2005,254892.8,B6N_B_W0,S14,2025M12
ITFG,A,2006,262944.2,B6N_B_W0,S14,2025M12
ITFG,A,2007,270324.7,B6N_B_W0,S14,2025M12
ITFG,A,2008,273012.9,B6N_B_W0,S14,2025M12
ITFG,A,2009,268865.2,B6N_B_W0,S14,2025M12
ITFG,A,2010,265949.8,B6N_B_W0,S14,2025M12
ITFG,A,2011,271240.6,B6N_B_W0,S14,2025M12
ITFG,A,2012,262758.8,B6N_B_W0,S14,2025M12
ITFG,A,2013,261961.6,B6N_B_W0,S14,2025M12
ITFG,A,2014,263333.7,B6N_B_W0,S14,2025M12
ITFG,A,2015,267639.3,B6N_B_W0,S14,2025M12
ITFG,A,2016,270053.3,B6N_B_W0,S14,2025M12
ITFG,A,2017,273431.2,B6N_B_W0,S14,2025M12
ITFG,A,2018,278297.2,B6N_B_W0,S14,2025M12
ITFG,A,2019,281241.5,B6N_B_W0,S14,2025M12
ITFG,A,2020,277727.6,B6N_B_W0,S14,2025M12
ITFG,A,2021,291284.7,B6N_B_W0,S14,2025M12
ITFG,A,2022,310003.9,B6N_B_W0,S14,2025M12
ITFG,A,2023,325508.5,B6N_B_W0,S14,2025M12
ITFG,A,2024,337015.2,B6N_B_W0,S14,2025M12
ITG,A,2001,69537.8,B6N_B_W0,S14,2025M12
ITG,A,2002,72815.6,B6N_B_W0,S14,2025M12
ITG,A,2003,76041.9,B6N_B_W0,S14,2025M12
ITG,A,2004,78093.4,B6N_B_W0,S14,2025M12
ITG,A,2005,80048.8,B6N_B_W0,S14,2025M12
ITG,A,2006,82594.8,B6N_B_W0,S14,2025M12
ITG,A,2007,84924.9,B6N_B_W0,S14,2025M12
ITG,A,2008,86584.2,B6N_B_W0,S14,2025M12
ITG,A,2009,86329.1,B6N_B_W0,S14,2025M12
ITG,A,2010,85709.2,B6N_B_W0,S14,2025M12
ITG,A,2011,87014.8,B6N_B_W0,S14,2025M12
ITG,A,2012,84994.8,B6N_B_W0,S14,2025M12
ITG,A,2013,84918.4,B6N_B_W0,S14,2025M12
ITG,A,2014,85142.8,B6N_B_W0,S14,2025M12
ITG,A,2015,86091.5,B6N_B_W0,S14,2025M12
ITG,A,2016,87064.2,B6N_B_W0,S14,2025M12
ITG,A,2017,88143.2,B6N_B_W0,S14,2025M12
ITG,A,2018,89819.2,B6N_B_W0,S14,2025M12
ITG,A,2019,90965.4,B6N_B_W0,S14,2025M12
ITG,A,2020,90352.4,B6N_B_W0,S14,2025M12
ITG,A,2021,95071.1,B6N_B_W0,S14,2025M12
ITG,A,2022,101482.4,B6N_B_W0,S14,2025M12
ITG,A,2023,106046.1,B6N_B_W0,S14,2025M12
ITG,A,2024,110214.0,B6N_B_W0,S14,2025M12
ITG1,A,2001,51505.4,B6N_B_W0,S14,2025M12
ITG1,A,2002,53942.1,B6N_B_W0,S14,2025M12
ITG1,A,2003,56127.9,B6N_B_W0,S14,2025M12
ITG1,A,2004,57731.7,B6N_B_W0,S14,2025M12
ITG1,A,2005,59326.5,B6N_B_W0,S14,2025M12
ITG1,A,2006,61018.6,B6N_B_W0,S14,2025M12
ITG1,A,2007,62546.3,B6N_B_W0,S14,2025M12
ITG1,A,2008,63831.2,B6N_B_W0,S14,2025M12
ITG1,A,2009,63676.4,B6N_B_W0,S14,2025M12
ITG1,A,2010,63149.4,B6N_B_W0,S14,2025M12
ITG1,A,2011,64104.2,B6N_B_W0,S14,2025M12
ITG1,A,2012,62340.4,B6N_B_W0,S14,2025M12
ITG1,A,2013,61755.1,B6N_B_W0,S14,2025M12
ITG1,A,2014,61904.1,B6N_B_W0,S14,2025M12
ITG1,A,2015,62617.7,B6N_B_W0,S14,2025M12
ITG1,A,2016,63492.0,B6N_B_W0,S14,2025M12
ITG1,A,2017,64611.4,B6N_B_W0,S14,2025M12
ITG1,A,2018,65554.8,B6N_B_W0,S14,2025M12
ITG1,A,2019,66458.1,B6N_B_W0,S14,2025M12
ITG1,A,2020,66005.0,B6N_B_W0,S14,2025M12
ITG1,A,2021,69561.4,B6N_B_W0,S14,2025M12
ITG1,A,2022,74056.6,B6N_B_W0,S14,2025M12
ITG1,A,2023,77328.1,B6N_B_W0,S14,2025M12
ITG1,A,2024,80562.2,B6N_B_W0,S14,2025M12
ITG2,A,2001,18032.3,B6N_B_W0,S14,2025M12
ITG2,A,2002,18873.5,B6N_B_W0,S14,2025M12
ITG2,A,2003,19914.0,B6N_B_W0,S14,2025M12
ITG2,A,2004,20361.6,B6N_B_W0,S14,2025M12
ITG2,A,2005,20722.3,B6N_B_W0,S14,2025M12
ITG2,A,2006,21576.1,B6N_B_W0,S14,2025M12
ITG2,A,2007,22378.6,B6N_B_W0,S14,2025M12
ITG2,A,2008,22753.0,B6N_B_W0,S14,2025M12
ITG2,A,2009,22652.7,B6N_B_W0,S14,2025M12
ITG2,A,2010,22559.8,B6N_B_W0,S14,2025M12
ITG2,A,2011,22910.5,B6N_B_W0,S14,2025M12
ITG2,A,2012,22654.4,B6N_B_W0,S14,2025M12
ITG2,A,2013,23163.3,B6N_B_W0,S14,2025M12
ITG2,A,2014,23238.7,B6N_B_W0,S14,2025M12
ITG2,A,2015,23473.8,B6N_B_W0,S14,2025M12
ITG2,A,2016,23572.1,B6N_B_W0,S14,2025M12
ITG2,A,2017,23531.8,B6N_B_W0,S14,2025M12
ITG2,A,2018,24264.4,B6N_B_W0,S14,2025M12
ITG2,A,2019,24507.3,B6N_B_W0,S14,2025M12
ITG2,A,2020,24347.4,B6N_B_W0,S14,2025M12
ITG2,A,2021,25509.7,B6N_B_W0,S14,2025M12
ITG2,A,2022,27425.8,B6N_B_W0,S14,2025M12
ITG2,A,2023,28718.0,B6N_B_W0,S14,2025M12
ITG2,A,2024,29651.8,B6N_B_W0,S14,2025M12
ITZ,A,2001,0.0,B6N_B_W0,S14,2025M12
ITZ,A,2002,0.0,B6N_B_W0,S14,2025M12
ITZ,A,2003,0.0,B6N_B_W0,S14,2025M12
ITZ,A,2004,0.0,B6N_B_W0,S14,2025M12
ITZ,A,2005,0.0,B6N_B_W0,S14,2025M12
ITZ,A,2006,0.0,B6N_B_W0,S14,2025M12
ITZ,A,2007,0.0,B6N_B_W0,S14,2025M12
ITZ,A,2008,0.0,B6N_B_W0,S14,2025M12
ITZ,A,2009,0.0,B6N_B_W0,S14,2025M12
ITZ,A,2010,0.0,B6N_B_W0,S14,2025M12
ITZ,A,2011,0.0,B6N_B_W0,S14,2025M12
ITZ,A,2012,0.0,B6N_B_W0,S14,2025M12
ITZ,A,2013,0.0,B6N_B_W0,S14,2025M12
ITZ,A,2014,0.0,B6N_B_W0,S14,2025M12
ITZ,A,2015,0.0,B6N_B_W0,S14,2025M12
ITZ,A,2016,0.0,B6N_B_W0,S14,2025M12
ITZ,A,2017,0.0,B6N_B_W0,S14,2025M12
ITZ,A,2018,0.0,B6N_B_W0,S14,2025M12
ITZ,A,2019,0.0,B6N_B_W0,S14,2025M12
ITZ,A,2020,0.0,B6N_B_W0,S14,2025M12
ITZ,A,2021,0.0,B6N_B_W0,S14,2025M12
ITZ,A,2022,0.0,B6N_B_W0,S14,2025M12
ITZ,A,2023,0.0,B6N_B_W0,S14,2025M12
ITZ,A,2024,0.0,B6N_B_W0,S14,2025M12
