area_code,year,public_transportation_usage
001272,2001,195.96093921
061022,2001,45.92865633
059011,2001,7.4188894962
004078,2001,46.751692411
042002,2001,136.61015587
078045,2001,117.27470965
041044,2001,19.902702823
109006,2001,26.946907006
040012,2001,36.792610008
080063,2001,40.052067688
008031,2001,32.642402481
007003,2001,47.080403546
039014,2001,39.811075963
079023,2001,40.137221269
110002,2001,7.1139644085
107009,2001,4.9205213659
081021,2001,35.621818182
084001,2001,24.175664376
082053,2001,51.269468665
037006,2001,241.28146795
010025,2001,254.47649112
106025,2001,0.0
107003,2001,1.2612583478
038008,2001,64.343755352
058091,2001,457.30291071
009056,2001,77.544187878
043023,2001,69.670496973
077014,2001,19.372141264
057059,2001,97.636746921
062008,2001,31.999232018
108033,2001,41.966108446
011015,2001,146.99018814
085004,2001,14.731832089
035033,2001,82.335926418
055032,2001,45.985226423
065116,2001,61.111369216
074001,2001,17.89541952
046017,2001,30.646259723
045010,2001,15.162079964
104025,2001,3.15129812
032006,2001,361.5679683
088009,2001,4.9911284855
016024,2001,204.51712922
015146,2001,629.81056369
031007,2001,18.594671911
087015,2001,136.3052433
033032,2001,82.485281533
034027,2001,149.18353469
064008,2001,84.307759979
012133,2001,69.69243315
106015,2001,0.0
105018,2001,12.361941433
014061,2001,5.0919766962
086009,2001,37.590445471
105010,2001,0.0
013075,2001,110.13447804
036023,2001,46.304096852
083048,2001,31.209480327
063049,2001,227.10080158
056059,2001,45.967404931
075035,2001,11.517483873
076063,2001,22.9251578
044007,2001,29.266118169
103072,2001,17.736528331
019036,2001,31.93200576
048017,2001,214.64040251
072006,2001,57.771108585
071024,2001,53.886458374
052032,2001,271.14967462
067041,2001,45.932977324
091051,2001,39.438439691
028060,2001,135.94413295
021008,2001,114.69907106
098031,2001,26.51648766
093033,2001,37.503955575
069022,2001,81.165319106
070006,2001,56.167562645
027042,2001,595.60962127
051002,2001,59.794588769
025006,2001,87.679279177
060038,2001,11.584815172
002158,2001,5.8224475765
110009,2001,13.131105591
IT,2001,206.61892549
006003,2001,36.841355333
050026,2001,71.331465652
049009,2001,66.795551581
097042,2001,73.615064594
096004,2001,16.740734349
003106,2001,76.532369993
110001,2001,3.6685131516
005005,2001,36.701821934
024116,2001,71.891795138
095038,2001,3.7110958648
023091,2001,110.81872719
026086,2001,68.600447581
089017,2001,13.343871488
092009,2001,209.05884946
090064,2001,70.126343329
029041,2001,17.669806644
018110,2001,104.80589843
101010,2001,10.019370784
102047,2001,2.9772658294
030129,2001,99.668471191
054039,2001,140.92162064
017029,2001,156.80636841
094023,2001,30.218612777
022205,2001,163.98866232
099014,2001,91.870534873
100005,2001,48.917484836
020030,2001,54.88754009
068028,2001,63.451228882
053011,2001,20.870581524
066049,2001,69.947420427
047014,2001,39.61781567
073027,2001,60.24164146
104017,2001,51.418380797
010025,2002,252.03211186
106025,2002,0.0
037006,2002,249.02438992
062008,2002,32.44935872
057059,2002,102.99067327
082053,2002,63.757080265
107003,2002,1.276930129
083048,2002,31.772578588
043023,2002,70.9505175
084001,2002,23.261497244
059011,2002,7.8098018539
016024,2002,225.89811693
015146,2002,644.65688617
088009,2002,4.8918807766
104025,2002,3.1457782226
087015,2002,130.16822876
033032,2002,82.960873578
031007,2002,21.314138472
032006,2002,375.87378906
089017,2002,15.303721255
014061,2002,5.7937427578
034027,2002,155.25019635
085004,2002,13.962205472
045010,2002,16.14352462
055032,2002,45.618133303
074001,2002,18.110205163
046017,2002,30.687882377
065116,2002,62.794348509
056059,2002,44.344402573
036023,2002,45.286490723
011015,2002,132.88425203
044007,2002,29.399166699
035033,2002,80.264664005
075035,2002,14.34215252
076063,2002,21.77605505
063049,2002,251.4055061
105018,2002,12.048192771
064008,2002,84.138098666
012133,2002,71.504283523
106015,2002,0.0
013075,2002,111.67879969
105010,2002,0.0
086009,2002,37.608552745
008031,2002,32.946006564
007003,2002,48.446658851
080063,2002,38.847236019
109006,2002,26.930460004
079023,2002,41.073418999
004078,2002,46.734213183
039014,2002,39.352167614
040012,2002,38.330780095
081021,2002,34.953473401
061022,2002,45.517057213
IT,2002,212.07235159
006003,2002,36.721126959
001272,2002,201.47307994
041044,2002,18.06156055
078045,2002,113.80143611
042002,2002,148.45727102
077014,2002,19.62776123
038008,2002,64.861926256
058091,2002,475.12478156
009056,2002,75.226318552
108033,2002,42.355710065
107009,2002,4.6516582629
090064,2002,71.439796855
018110,2002,113.1576184
066049,2002,64.381762371
053011,2002,21.302273365
103072,2002,18.214451905
102047,2002,3.6087200876
091051,2002,38.909659439
047014,2002,48.139264255
092009,2002,207.02221814
029041,2002,17.168234792
094023,2002,30.168045441
098031,2002,25.776371257
021008,2002,110.4412499
100005,2002,51.202098711
020030,2002,57.752667922
068028,2002,62.533094632
099014,2002,93.431200344
067041,2002,46.865501892
072006,2002,61.075860146
071024,2002,54.539944157
027042,2002,576.47230768
048017,2002,226.06829461
019036,2002,26.13669222
028060,2002,138.7755102
052032,2002,258.16004024
101010,2002,9.998500225
073027,2002,69.847584475
030129,2002,101.4394997
054039,2002,142.79765335
017029,2002,166.96595096
104017,2002,51.651743355
050026,2002,86.257653604
051002,2002,58.777463563
070006,2002,57.67209798
024116,2002,67.007298599
023091,2002,108.36767267
025006,2002,76.649803899
049009,2002,69.861058668
093033,2002,37.400163575
026086,2002,70.706694015
022205,2002,159.52581595
069022,2002,82.112950713
005005,2002,29.306492397
003106,2002,71.040170995
095038,2002,3.8186157518
096004,2002,14.370971073
097042,2002,71.629444013
110002,2002,7.0438942982
110009,2002,13.27749399
110001,2002,3.9468682798
060038,2002,11.383636794
002158,2002,6.6723010542
110009,2003,13.235624019
002158,2003,6.7971117846
110002,2003,6.9647282406
004078,2003,45.655012464
003106,2003,72.515631759
IT,2003,211.78243516
005005,2003,30.416989271
110001,2003,4.0471791368
025006,2003,82.137905667
050026,2003,84.135047653
049009,2003,67.354956133
070006,2003,58.54609238
023091,2003,111.62428898
097042,2003,70.815683719
095038,2003,3.785035035
024116,2003,69.44300173
022205,2003,165.23022625
094023,2003,30.03003003
021008,2003,107.82414346
098031,2003,24.805060707
052032,2003,240.7951841
067041,2003,46.162300788
099014,2003,92.985542722
020030,2003,55.412667545
069022,2003,86.792634261
093033,2003,37.450436162
026086,2003,70.010603931
092009,2003,208.9581592
051002,2003,55.479485156
068028,2003,62.69610477
096004,2003,14.078443191
074001,2003,17.947978023
030129,2003,102.01319926
017029,2003,161.35344024
066049,2003,61.734310746
054039,2003,141.0660365
103072,2003,18.066728208
015146,2003,640.90196312
016024,2003,228.6593001
053011,2003,20.270503042
033032,2003,82.418648342
046017,2003,27.485872603
045010,2003,16.614730141
089017,2003,17.152058816
031007,2003,20.915724391
087015,2003,122.6623305
032006,2003,368.63013502
104025,2003,3.3585822495
090064,2003,75.610087382
029041,2003,16.904750136
091051,2003,37.382417523
028060,2003,135.97277264
073027,2003,81.042728754
072006,2003,58.502878103
047014,2003,56.882484343
088009,2003,5.8477872087
101010,2003,9.9614822686
100005,2003,50.76373758
102047,2003,3.9085633069
018110,2003,102.18039807
071024,2003,54.867930863
027042,2003,603.44142683
048017,2003,219.34493105
019036,2003,25.648773426
038008,2003,62.907571258
044007,2003,29.320957688
035033,2003,78.070772255
075035,2003,15.635134282
010025,2003,247.08350262
107003,2003,1.174858038
106015,2003,0.0
106025,2003,0.0
080063,2003,38.695090975
043023,2003,71.866107172
076063,2003,21.783961196
009056,2003,75.590500331
107009,2003,4.3441878683
007003,2003,47.383805905
062008,2003,32.485462755
058091,2003,483.1279098
061022,2003,43.692539759
060038,2003,11.290588429
006003,2003,36.03909008
001272,2003,186.70356363
059011,2003,7.9271940199
108033,2003,42.050475394
008031,2003,32.793915467
057059,2003,102.34368129
042002,2003,147.93984353
078045,2003,106.40598944
041044,2003,18.450204609
081021,2003,33.374283374
039014,2003,37.193575655
079023,2003,40.972302639
040012,2003,39.666075475
109006,2003,26.865094704
011015,2003,133.68952083
086009,2003,38.102197401
013075,2003,119.3934417
105010,2003,0.0
056059,2003,44.122334625
063049,2003,250.36385499
105018,2003,11.858879336
012133,2003,71.776345806
014061,2003,5.6965542794
085004,2003,13.114754098
034027,2003,157.81608776
077014,2003,19.504016288
036023,2003,43.166843903
083048,2003,42.380318375
037006,2003,244.93240302
082053,2003,64.419494346
065116,2003,65.013155689
064008,2003,79.510648102
055032,2003,34.042871223
084001,2003,21.611447096
104017,2003,51.991659092
019036,2004,25.35823933
099014,2004,92.312888155
067041,2004,45.658547694
094023,2004,29.863978909
069022,2004,84.996434558
096004,2004,16.929803778
052032,2004,238.82132491
098031,2004,22.92391611
025006,2004,82.507925326
021008,2004,111.14501922
020030,2004,104.75068545
032006,2004,361.21316006
045010,2004,16.586828537
046017,2004,32.162818955
074001,2004,17.293847796
031007,2004,20.837921163
087015,2004,117.63076015
089017,2004,20.701916754
104025,2004,3.5016257548
053011,2004,20.157090929
066049,2004,61.504474588
030129,2004,99.689508718
054039,2004,138.27442501
103072,2004,17.931664058
016024,2004,228.21846554
015146,2004,624.73335856
072006,2004,57.57954885
017029,2004,162.62869249
102047,2004,4.0870118908
100005,2004,49.903697079
018110,2004,106.98168304
071024,2004,53.945447263
048017,2004,222.67372756
027042,2004,617.04063627
101010,2004,9.9194868319
091051,2004,35.99146426
028060,2004,137.85052852
090064,2004,75.047208422
029041,2004,16.387798664
047014,2004,56.078068775
088009,2004,5.846685363
073027,2004,82.040874761
IT,2004,207.94676719
024116,2004,71.314230831
049009,2004,62.244682011
050026,2004,87.10410429
070006,2004,59.499138115
095038,2004,3.7219889571
001272,2004,182.26530299
023091,2004,116.39980432
097042,2004,70.074347437
110002,2004,6.8859038018
004078,2004,47.363579229
110009,2004,13.046034397
002158,2004,6.8996984164
005005,2004,31.756212727
110001,2004,4.0969262759
003106,2004,60.183604382
068028,2004,64.17068585
026086,2004,70.183587161
092009,2004,205.28662912
022205,2004,164.98795258
093033,2004,37.216321091
051002,2004,62.401171614
063049,2004,246.77797169
011015,2004,130.47142537
012133,2004,70.23051833
086009,2004,38.563247579
065116,2004,73.395572779
105018,2004,11.997836456
056059,2004,43.589125975
105010,2004,0.0
033032,2004,82.242215513
013075,2004,108.1173636
064008,2004,79.369978746
076063,2004,17.726609514
077014,2004,19.356974878
080063,2004,38.410781358
043023,2004,71.265678449
037006,2004,247.80604414
082053,2004,57.564278266
036023,2004,42.798564839
083048,2004,41.712346435
106025,2004,0.0
035033,2004,76.185176352
044007,2004,29.184383456
075035,2004,7.0379941717
010025,2004,245.3536159
106015,2004,0.0
107003,2004,1.1451006053
009056,2004,76.895076159
034027,2004,153.98275511
084001,2004,20.274167826
014061,2004,6.9121238653
085004,2004,11.426877861
055032,2004,41.425561862
104017,2004,52.374667421
109006,2004,28.867545716
007003,2004,46.804969561
081021,2004,32.055799238
039014,2004,39.690919898
008031,2004,33.663736675
107009,2004,4.0756497801
058091,2004,468.27552319
038008,2004,66.612936337
062008,2004,40.089158288
057059,2004,104.96095298
108033,2004,42.00409216
040012,2004,42.317684841
041044,2004,18.339154856
078045,2004,106.31360537
042002,2004,131.12883713
079023,2004,42.900069992
061022,2004,43.811098559
059011,2004,8.0010451816
006003,2004,36.402581727
060038,2004,11.129477715
110009,2005,12.784449325
002158,2005,7.4950646338
004078,2005,45.565974975
059011,2005,7.8082965374
078045,2005,107.53558371
041044,2005,18.47361611
003106,2005,63.523104839
110002,2005,6.8533985015
080063,2005,40.826324814
038008,2005,66.775601601
076063,2005,14.743552425
077014,2005,19.907044226
039014,2005,37.91632469
081021,2005,30.732943993
079023,2005,42.116693286
040012,2005,43.710820995
043023,2005,72.902580987
085004,2005,11.154103175
034027,2005,152.94352767
084001,2005,19.468097713
074001,2005,17.939834281
045010,2005,16.628415537
033032,2005,82.52304902
086009,2005,39.374515743
083048,2005,42.950710142
035033,2005,75.436929544
075035,2005,13.871853597
044007,2005,29.161556957
037006,2005,248.19024604
036023,2005,42.309729629
082053,2005,59.787667605
042002,2005,119.63134455
047014,2005,57.30638944
093033,2005,38.756497009
026086,2005,71.277908468
092009,2005,211.4983098
070006,2005,60.988637467
049009,2005,62.258309112
025006,2005,87.577144297
094023,2005,29.692864434
096004,2005,15.387611998
022205,2005,167.74117711
068028,2005,67.745700597
069022,2005,82.625717299
023091,2005,122.28805975
097042,2005,69.299505004
095038,2005,3.7433236453
024116,2005,71.58070395
046017,2005,22.45693129
090064,2005,74.890634518
028060,2005,138.45701578
029041,2005,16.574477266
048017,2005,229.96353543
071024,2005,54.145186914
027042,2005,655.04564433
091051,2005,37.411761493
088009,2005,5.913701699
030129,2005,99.440646364
072006,2005,53.535925343
073027,2005,83.158091146
031007,2005,22.346062739
089017,2005,20.706119267
087015,2005,112.67106836
032006,2005,348.73053565
016024,2005,240.64596252
103072,2005,18.502288441
104025,2005,3.1401655724
015146,2005,625.97050657
065116,2005,73.899452405
064008,2005,79.002115501
014061,2005,7.0059756851
104017,2005,52.959437512
105018,2005,12.218963832
011015,2005,131.37439048
063049,2005,247.96846338
055032,2005,37.626734014
062008,2005,39.64729764
106025,2005,0.0
010025,2005,247.4294108
106015,2005,0.0
005005,2005,43.080017395
IT,2005,209.3844191
110001,2005,4.4668240983
001272,2005,184.16707204
058091,2005,470.35391205
057059,2005,101.72127306
009056,2005,81.468406905
107003,2005,1.1494630366
108033,2005,42.166208071
006003,2005,38.380233356
060038,2005,12.772991899
061022,2005,43.569091367
007003,2005,45.034843206
109006,2005,29.372496662
107009,2005,4.0499614716
008031,2005,33.931644947
051002,2005,61.926025781
101010,2005,9.9089205057
018110,2005,106.26446861
100005,2005,51.577927939
066049,2005,60.49030747
053011,2005,16.393442623
017029,2005,164.6299935
102047,2005,4.1672208184
099014,2005,90.982387881
019036,2005,25.201965753
067041,2005,45.809632158
056059,2005,43.297927826
013075,2005,117.42100254
012133,2005,69.186395866
105010,2005,0.0
054039,2005,135.63176624
021008,2005,110.73392107
020030,2005,110.67721929
098031,2005,24.271503803
052032,2005,239.79014221
050026,2005,87.722884725
045010,2006,17.335838679
086009,2006,39.580124971
074001,2006,17.845578182
036023,2006,41.081794708
037006,2006,248.48112335
042002,2006,123.24064876
033032,2006,84.919458196
085004,2006,10.903916475
043023,2006,74.297377188
084001,2006,18.715152336
034027,2006,154.61177017
068028,2006,69.427711458
069022,2006,85.144715389
096004,2006,12.494014192
022205,2006,167.92810264
095038,2006,3.7347422117
024116,2006,71.579868709
023091,2006,124.97644675
097042,2006,66.927330258
026086,2006,104.01920055
092009,2006,242.09969878
047014,2006,58.030511246
093033,2006,39.19403809
025006,2006,89.641156983
094023,2006,29.613177864
070006,2006,62.609170838
049009,2006,63.133106567
072006,2006,55.064136682
073027,2006,79.121515112
088009,2006,5.8694159029
030129,2006,99.261740803
087015,2006,103.66711353
032006,2006,347.69250962
031007,2006,23.7498278
089017,2006,20.649949654
028060,2006,133.58620984
029041,2006,16.270019751
046017,2006,23.076876363
090064,2006,76.809718367
027042,2006,670.48563802
091051,2006,37.496062776
048017,2006,234.39996616
071024,2006,54.821455894
076063,2006,18.18327986
077014,2006,19.97565991
080063,2006,39.072251104
038008,2006,61.200293581
079023,2006,43.662992809
040012,2006,47.239497174
039014,2006,38.848666784
081021,2006,37.605992086
004078,2006,45.660432496
059011,2006,8.2024263676
110009,2006,12.763969352
002158,2006,7.8493815809
003106,2006,71.096138492
110002,2006,6.0651276629
078045,2006,107.10231127
041044,2006,14.498183655
075035,2006,14.606614863
044007,2006,26.153920666
083048,2006,41.352480864
035033,2006,77.491275138
082053,2006,59.83226806
053011,2006,17.339386292
102047,2006,4.2215891479
066049,2006,66.804890057
020030,2006,117.99206125
021008,2006,107.0017338
050026,2006,88.128848562
017029,2006,172.64099207
101010,2006,9.8961726552
051002,2006,51.506682995
100005,2006,50.448870449
018110,2006,105.69908707
063049,2006,247.68638667
056059,2006,36.864297963
105018,2006,12.061083552
011015,2006,134.78018625
105010,2006,1.0445682451
054039,2006,133.13786982
013075,2006,120.87786512
012133,2006,67.9048629
104025,2006,3.275769984
015146,2006,631.39793245
016024,2006,246.76288162
103072,2006,22.657923781
014061,2006,6.3376268095
104017,2006,52.402450822
065116,2006,74.735622735
064008,2006,80.818018904
067041,2006,45.281382016
052032,2006,246.87835785
099014,2006,91.623506158
019036,2006,22.982362373
098031,2006,22.834415395
057059,2006,105.93184329
107003,2006,1.1217419993
062008,2006,39.687579375
109006,2006,29.442127985
007003,2006,44.369388874
008031,2006,24.403636142
009056,2006,81.456830309
106025,2006,0.0
055032,2006,40.877908699
106015,2006,0.0
010025,2006,252.0125372
060038,2006,10.395246706
061022,2006,44.585906971
108033,2006,42.505114911
006003,2006,41.785540894
107009,2006,3.7021062469
110001,2006,4.9514047697
005005,2006,45.570649412
058091,2006,481.45996406
001272,2006,193.20699742
IT,2006,213.85185333
001272,2007,194.17170859
003106,2007,76.590235426
057059,2007,126.14172729
110009,2007,13.639968279
110002,2007,5.8236317409
103072,2007,20.603527868
061022,2007,45.1969531
110001,2007,6.4394901224
056059,2007,38.493820252
106015,2007,0.0
009056,2007,81.438888485
010025,2007,257.03158312
032006,2007,344.1184849
087015,2007,98.024881728
104017,2007,59.151567331
015146,2007,653.18258825
031007,2007,24.681110097
065116,2007,77.550572484
029041,2007,16.265066101
052032,2007,245.61240598
086009,2007,40.848222214
085004,2007,10.523345561
033032,2007,84.437574721
034027,2007,162.97391417
101010,2007,9.8676907137
016024,2007,264.49059311
053011,2007,18.573156605
054039,2007,132.66878004
064008,2007,82.471332438
102047,2007,4.2670459596
055032,2007,41.540392029
063049,2007,241.58035509
066049,2007,69.668167878
068028,2007,73.395543085
050026,2007,99.938726543
049009,2007,63.107596492
069022,2007,85.819845499
048017,2007,248.20029671
070006,2007,63.712046535
083048,2007,39.90546983
090064,2007,76.477413396
089017,2007,18.832086636
091051,2007,39.368891448
028060,2007,139.14772376
020030,2007,116.90882997
036023,2007,43.681270607
097042,2007,68.821490284
071024,2007,54.202307507
018110,2007,105.16378607
005005,2007,51.061249242
035033,2007,80.782616525
019036,2007,27.953331794
088009,2007,6.054783348
030129,2007,103.76612033
084001,2007,21.432075376
100005,2007,48.698631428
104025,2007,3.1135012737
012133,2007,71.694276512
006003,2007,39.292816003
108033,2007,43.810443677
017029,2007,171.62296662
105010,2007,2.4437074533
051002,2007,48.576127771
067041,2007,44.489289615
044007,2007,26.180041112
075035,2007,15.044723958
105018,2007,11.785731536
043023,2007,75.540578489
107009,2007,3.6425930935
007003,2007,44.78515231
096004,2007,12.659329186
011015,2007,138.16953174
080063,2007,39.485498545
038008,2007,60.35868893
092009,2007,244.52266089
041044,2007,17.728090299
023091,2007,130.68931948
042002,2007,123.03355281
078045,2007,107.50761512
062008,2007,39.750367691
060038,2007,10.574331329
058091,2007,518.59616534
002158,2007,11.150828444
059011,2007,8.7909981573
079023,2007,44.81248507
025006,2007,92.170739799
040012,2007,48.23731427
077014,2007,19.231250365
004078,2007,45.596724331
014061,2007,6.6075307748
IT,2007,223.22483058
013075,2007,119.37034367
093033,2007,43.405774941
109006,2007,30.721394688
094023,2007,29.500564659
076063,2007,18.977727223
021008,2007,104.56133347
098031,2007,23.063751471
037006,2007,255.35837441
026086,2007,110.46173618
008031,2007,24.226273393
082053,2007,60.618548948
106025,2007,0.0
107003,2007,1.656918463
045010,2007,16.121051311
074001,2007,15.826771217
022205,2007,181.54264447
027042,2007,670.72297914
095038,2007,3.9054157132
039014,2007,40.046905332
024116,2007,70.243808456
081021,2007,40.83914896
072006,2007,64.858554303
046017,2007,25.756467823
047014,2007,57.795057181
073027,2007,76.643873931
099014,2007,88.750235517
032006,2008,339.79308347
033032,2008,80.172618576
085004,2008,10.067783094
101010,2008,9.3056784298
054039,2008,148.18535498
055032,2008,41.398674166
086009,2008,42.952208106
052032,2008,249.90744169
065116,2008,78.984164031
029041,2008,15.578491631
090064,2008,72.615963484
091051,2008,38.387715931
028060,2008,147.27475605
089017,2008,16.150001211
083048,2008,40.030530717
020030,2008,115.61777389
097042,2008,68.35768655
036023,2008,45.413330974
017029,2008,176.33859364
049009,2008,72.263417421
050026,2008,102.40250716
110001,2008,6.8049876319
068028,2008,73.210420972
069022,2008,91.176095007
070006,2008,65.692078136
048017,2008,241.39304927
071024,2008,52.056027231
005005,2008,51.786155212
006003,2008,41.819692786
012133,2008,72.183238125
108033,2008,44.972037042
051002,2008,48.247155863
067041,2008,43.815700778
102047,2008,4.6372675793
100005,2008,48.773381819
084001,2008,13.492492899
035033,2008,78.037053872
019036,2008,27.560392334
034027,2008,168.29360827
088009,2008,7.4346371484
107003,2008,1.6639765712
030129,2008,102.9596194
018110,2008,105.98276021
104025,2008,2.953274971
014061,2008,7.1872964535
106015,2008,0.0
009056,2008,81.353804558
104017,2008,58.885821262
015146,2008,696.08659835
087015,2008,89.99942898
010025,2008,263.64378777
061022,2008,45.703630413
110009,2008,13.324028844
IT,2008,228.18775205
003106,2008,75.131742095
056059,2008,34.005894355
062008,2008,39.893404822
063049,2008,228.3637956
031007,2008,24.834896498
066049,2008,65.618601327
053011,2008,17.633574326
016024,2008,266.99876967
103072,2008,57.670312676
064008,2008,63.503201474
081021,2008,39.77759677
106025,2008,0.0
008031,2008,23.971617605
046017,2008,26.102954353
072006,2008,69.985758441
099014,2008,87.637561827
047014,2008,56.488294314
098031,2008,25.258641569
021008,2008,128.36463456
026086,2008,110.16307797
082053,2008,55.163820518
092009,2008,257.19069697
027042,2008,621.41642135
038008,2008,63.01691817
037006,2008,254.70556745
024116,2008,68.217527933
076063,2008,18.447078115
095038,2008,4.1541017909
080063,2008,38.254516458
105018,2008,13.331428843
043023,2008,76.543439799
044007,2008,26.5583654
075035,2008,16.09924161
096004,2008,17.005915101
011015,2008,143.1533741
107009,2008,3.578011493
007003,2008,44.329675059
022205,2008,191.6667034
073027,2008,75.749516255
045010,2008,14.524813816
074001,2008,15.138865698
025006,2008,94.057911349
079023,2008,42.629437456
077014,2008,27.72201669
094023,2008,29.376663913
109006,2008,31.565739946
110002,2008,5.1743268041
039014,2008,40.363947832
040012,2008,48.343157594
042002,2008,127.1041082
023091,2008,138.46615769
041044,2008,20.289314543
078045,2008,88.922078295
001272,2008,199.88024796
105010,2008,2.4469107751
004078,2008,46.200905865
013075,2008,119.50257085
093033,2008,48.870122762
060038,2008,10.611398964
058091,2008,537.1923981
002158,2008,10.922396374
057059,2008,100.91213486
059011,2008,8.2101453325
110002,2009,5.2245714468
059011,2009,8.194739588
057059,2009,102.26963137
058091,2009,533.8913046
060038,2009,9.7539761431
002158,2009,12.525652068
107003,2009,1.6724645438
001272,2009,202.48982189
105010,2009,2.4561403509
013075,2009,112.70774496
004078,2009,53.494781548
093033,2009,46.663102124
094023,2009,29.226413371
025006,2009,91.429977984
039014,2009,40.579858098
079023,2009,59.500805584
040012,2009,46.62942017
077014,2009,25.375294653
078045,2009,84.792719339
041044,2009,26.550826473
042002,2009,121.25063549
023091,2009,143.48023849
026086,2009,112.87359957
092009,2009,254.13049566
027042,2009,628.58315508
037006,2009,249.1637462
038008,2009,60.074750122
080063,2009,39.087421765
095038,2009,4.0598754145
024116,2009,67.35715339
076063,2009,19.71563981
007003,2009,45.220320596
107009,2009,3.583775272
096004,2009,17.996008158
011015,2009,144.85925042
105018,2009,9.0832474951
043023,2009,63.614592295
075035,2009,16.993105775
081021,2009,35.424678295
008031,2009,23.73859064
106025,2009,0.0
082053,2009,45.913612474
044007,2009,24.877607234
097042,2009,66.240033571
098031,2009,24.033688247
021008,2009,141.03601978
022205,2009,192.75115671
073027,2009,69.749481477
074001,2009,17.366490921
045010,2009,14.420629984
046017,2009,24.8658382
072006,2009,76.051726909
047014,2009,54.816270562
019036,2009,24.841711933
091051,2009,30.19821007
028060,2009,147.931988
089017,2009,16.945664936
083048,2009,40.864173411
036023,2009,41.992650464
099014,2009,86.748425306
020030,2009,89.469492455
071024,2009,52.253770436
048017,2009,231.68427358
069022,2009,91.160879693
070006,2009,66.533599468
049009,2009,72.14832353
050026,2009,111.79491872
068028,2009,73.129500496
017029,2009,175.2697
029041,2009,14.424463891
030129,2009,100.01511259
088009,2009,7.5297081211
034027,2009,166.10332119
084001,2009,7.4372063149
035033,2009,73.281489641
018110,2009,105.25201485
100005,2009,48.605901223
110001,2009,8.3316143509
005005,2009,46.849373049
006003,2009,42.562025263
108033,2009,44.888294039
012133,2009,75.016180439
104025,2009,2.7380910591
102047,2009,4.8053392659
051002,2009,45.791286544
067041,2009,43.719721139
032006,2009,340.28778379
085004,2009,11.617100372
086009,2009,42.112776588
033032,2009,80.825569168
090064,2009,67.924441444
052032,2009,250.89110552
065116,2009,84.763002645
066049,2009,44.754399934
053011,2009,17.423012065
103072,2009,57.793260664
016024,2009,276.50236902
101010,2009,9.2710475631
054039,2009,147.99592616
064008,2009,61.753532362
055032,2009,40.559540124
009056,2009,66.992390869
010025,2009,259.84731149
106015,2009,0.0
031007,2009,27.048063826
087015,2009,81.089754417
014061,2009,5.958781362
104017,2009,55.224499194
015146,2009,702.2664413
063049,2009,216.87417374
056059,2009,30.338594684
061022,2009,35.18276514
109006,2009,30.53213527
003106,2009,72.550669584
062008,2009,38.596603755
110009,2009,13.001485884
IT,2009,226.7069851
003106,2010,87.035011725
060038,2010,16.417399956
057059,2010,82.11063901
010025,2010,260.92512475
107003,2010,1.6782747336
009056,2010,72.16486601
002158,2010,12.986183552
058091,2010,529.59299203
032006,2010,340.44830657
085004,2010,9.6570262333
033032,2010,75.631517342
086009,2010,37.267303316
090064,2010,68.292570798
087015,2010,81.504255164
031007,2010,25.634595559
088009,2010,7.7510946721
083048,2010,47.609334792
036023,2010,42.90643515
107009,2010,3.5943796972
081021,2010,35.660692545
082053,2010,54.575000991
026086,2010,106.05096506
106025,2010,0.0
008031,2010,24.35695291
091051,2010,36.505580296
028060,2010,149.93901968
089017,2010,16.961610222
035033,2010,71.126585427
084001,2010,8.1106426839
034027,2010,164.1515585
030129,2010,102.20730813
029041,2010,14.107195623
092009,2010,259.21471163
039014,2010,42.378509668
040012,2010,44.740090872
095038,2010,4.6750089604
106015,2010,0.0
011015,2010,147.05343448
108033,2010,41.955808841
007003,2010,48.996820055
022205,2010,192.79665587
075035,2010,20.549275735
021008,2010,146.98499739
098031,2010,23.813562197
043023,2010,47.779030702
097042,2010,66.211354987
076063,2010,15.871044113
096004,2010,20.058184045
023091,2010,146.30260068
025006,2010,90.033735335
094023,2010,29.311164972
079023,2010,55.110338687
042002,2010,116.46668418
041044,2010,26.826826827
078045,2010,60.80766892
077014,2010,24.427229273
024116,2010,56.714057984
038008,2010,65.377900095
080063,2010,39.419872664
093033,2010,42.743413461
037006,2010,249.22597145
027042,2010,647.82299676
073027,2010,66.726242122
044007,2010,23.033867013
018110,2010,105.06864522
100005,2010,44.12914311
005005,2010,48.581774291
110001,2010,8.7576027816
012133,2010,72.585038594
104025,2010,2.6623695089
068028,2010,77.923449758
006003,2010,41.529881321
065116,2010,89.206846941
101010,2010,11.364558812
016024,2010,281.46651513
105018,2010,9.5427803771
064008,2010,31.528298376
104017,2010,52.136759841
054039,2010,146.53143629
015146,2010,702.28624737
013075,2010,114.73761576
062008,2010,37.841840102
110009,2010,12.987615381
IT,2010,227.58339031
109006,2010,14.008563726
004078,2010,55.78441778
014061,2010,5.0116341507
055032,2010,39.93647676
110002,2010,5.5370515731
059011,2010,8.3299778538
105010,2010,4.2320578381
001272,2010,209.67464109
056059,2010,42.243827576
061022,2010,35.243578501
063049,2010,217.350344
102047,2010,4.7882245145
099014,2010,85.778685935
020030,2010,90.533960551
048017,2010,239.99740605
071024,2010,52.337867101
049009,2010,74.370947548
050026,2010,107.43665211
070006,2010,66.730780554
069022,2010,67.441473735
072006,2010,79.200780488
066049,2010,48.20704236
103072,2010,42.5
053011,2010,17.212762034
067041,2010,43.742781532
052032,2010,250.1904421
051002,2010,43.572090229
017029,2010,173.80161195
074001,2010,14.695150823
047014,2010,51.508853604
019036,2010,23.532670799
046017,2010,24.378018505
045010,2010,14.387372964
092009,2011,230.88915566
081021,2011,36.335260526
089017,2011,12.85463503
034027,2011,153.62361309
106025,2011,0.0
008031,2011,24.210698511
107009,2011,3.6050470659
036023,2011,43.763179851
083048,2011,47.762255252
032006,2011,341.53419895
085004,2011,9.6692196508
021008,2011,152.1807823
097042,2011,63.103977438
075035,2011,21.974572281
011015,2011,139.31146595
076063,2011,13.046534103
042002,2011,111.53498937
043023,2011,52.528210671
074001,2011,14.738319631
105010,2011,4.2380363765
108033,2011,39.058208937
095038,2011,4.6988065031
094023,2011,29.2218057
107003,2011,1.6812939238
007003,2011,49.068890666
106015,2011,0.0
010025,2011,254.758479
023091,2011,155.83053254
006003,2011,40.469905241
038008,2011,57.966198078
024116,2011,52.076586263
090064,2011,73.470762495
027042,2011,673.30411673
026086,2011,102.47067241
025006,2011,72.488724887
040012,2011,45.138844962
079023,2011,51.785013731
039014,2011,43.764583222
078045,2011,62.745546238
077014,2011,24.053094006
041044,2011,28.10518679
096004,2011,21.169012076
022205,2011,193.8524959
037006,2011,243.80410635
093033,2011,43.033816425
080063,2011,39.947023277
088009,2011,6.9030393676
030129,2011,100.42247804
031007,2011,24.156275745
086009,2011,36.651470008
087015,2011,66.372286791
058091,2011,528.1989418
060038,2011,19.519003427
003106,2011,85.2375719
110001,2011,8.9979101306
002158,2011,12.973340848
057059,2011,79.856860345
IT,2011,225.64874548
009056,2011,68.551938382
033032,2011,73.366047797
028060,2011,145.95946271
082053,2011,45.954338792
091051,2011,38.452520516
035033,2011,69.232884889
029041,2011,11.338914892
084001,2011,7.9397256571
049009,2011,71.682741975
045010,2011,14.502752707
073027,2011,61.199395122
048017,2011,246.42579261
069022,2011,76.185872707
099014,2011,89.545809813
098031,2011,20.994127045
020030,2011,81.327341008
071024,2011,50.484520266
103072,2011,47.629703034
053011,2011,17.053517593
052032,2011,251.91133601
065116,2011,80.183482275
051002,2011,43.184952479
050026,2011,99.768864255
066049,2011,48.312846386
067041,2011,34.587903336
005005,2011,49.71892893
018110,2011,102.27799065
017029,2011,170.10873625
100005,2011,42.598050931
105018,2011,6.3334710175
068028,2011,80.819578828
012133,2011,77.794473918
104025,2011,2.7997480227
019036,2011,17.19717861
070006,2011,55.603617774
047014,2011,47.897823884
046017,2011,22.827886659
072006,2011,61.53509526
044007,2011,21.503688589
055032,2011,39.975831029
104017,2011,52.956611625
014061,2011,4.0277466995
063049,2011,201.95656973
015146,2011,699.17595807
062008,2011,38.435363127
054039,2011,139.26158587
016024,2011,269.79481921
101010,2011,11.322555339
064008,2011,29.985087346
001272,2011,217.27825348
059011,2011,6.5028449947
061022,2011,29.717814172
056059,2011,37.618634056
102047,2011,4.7928285085
004078,2011,53.234049028
013075,2011,106.82755764
110002,2011,5.7252109983
109006,2011,14.001162361
110009,2011,13.00565987
002158,2012,12.931125856
003106,2012,84.037924417
110001,2012,10.382429429
060038,2012,13.598885269
058091,2012,438.17469801
059011,2012,7.3351857365
013075,2012,109.87149196
104017,2012,53.864047558
014061,2012,3.5913896433
015146,2012,689.24393403
102047,2012,4.817987152
103072,2012,46.940111443
016024,2012,271.91639486
101010,2012,13.685286707
105018,2012,6.2795777212
012133,2012,71.877686356
104025,2012,2.7267960147
017029,2012,167.67899065
100005,2012,37.951464294
018110,2012,100.6834192
019036,2012,18.09017845
098031,2012,20.606305215
099014,2012,95.267338082
020030,2012,78.480806766
097042,2012,61.690682629
021008,2012,146.24301828
106015,2012,0.0
010025,2012,236.73359568
011015,2012,136.94893918
105010,2012,2.649240551
096004,2012,22.8560137
022205,2012,189.17943864
023091,2012,148.65000028
094023,2012,28.536596379
095038,2012,4.7126093718
024116,2012,50.777188772
093033,2012,43.971807549
025006,2012,66.960015305
092009,2012,233.95062915
026086,2012,96.471230795
027042,2012,655.70762716
090064,2012,82.801580067
091051,2012,34.138218152
028060,2012,133.09539985
089017,2012,8.7303708383
029041,2012,11.368646174
009056,2012,70.48175884
088009,2012,5.2166039368
030129,2012,98.47025835
031007,2012,23.317862205
086009,2012,38.822050637
087015,2012,57.663732801
032006,2012,332.66946857
085004,2012,7.4367378176
033032,2012,70.083139725
084001,2012,7.8166637058
034027,2012,141.84389683
035033,2012,64.873206588
082053,2012,42.865890998
083048,2012,47.513034963
036023,2012,43.869703966
081021,2012,35.210365203
107009,2012,3.617892121
008031,2012,24.162983522
106025,2012,0.0
037006,2012,246.36024422
080063,2012,40.229468891
038008,2012,54.135004715
039014,2012,39.885826354
078045,2012,62.949240725
079023,2012,52.992475047
040012,2012,57.608942686
077014,2012,21.421329758
041044,2012,28.037236135
108033,2012,38.919655237
006003,2012,36.503675061
007003,2012,53.675836137
107003,2012,1.6870518768
076063,2012,11.094072155
042002,2012,113.17200124
043023,2012,40.513088397
074001,2012,14.750726108
075035,2012,20.3971695
044007,2012,22.790055249
073027,2012,61.034075822
045010,2012,14.470560137
072006,2012,63.382638272
046017,2012,21.57786694
047014,2012,46.016384538
070006,2012,58.016170381
071024,2012,50.30674045
048017,2012,245.03916051
069022,2012,73.782422094
049009,2012,66.955748208
005005,2012,43.615688667
068028,2012,80.552405802
050026,2012,95.678977369
051002,2012,38.914018172
066049,2012,45.15753823
067041,2012,34.550794214
052032,2012,252.45261933
065116,2012,70.514998807
053011,2012,16.940846195
064008,2012,29.875298488
054039,2012,129.40965094
055032,2012,42.096363684
062008,2012,33.626089659
063049,2012,173.18606442
056059,2012,35.477096427
061022,2012,29.856080671
110002,2012,5.6491528901
004078,2012,63.784311117
109006,2012,20.689292568
057059,2012,65.748096657
IT,2012,208.9001285
001272,2012,230.38693431
110009,2012,12.446057822
